,Experience (YY.MM),Age in YY.,Stay/Left,New Location,New Promotion,New Job Role Match,Agency,Direct,Employee Referral,Marr.,Single,other status,B1,B2,B3,other group,< =1,> 1 & < =3,Operation,Sales,Support,Female,Male,other
0,6.08,27.12,Left,3,0,1,0,1,0,0,1,0,0,1,0,0,1,0,1,0,0,0,1,0
1,13.0,38.08,Stay,6,1,0,0,1,0,1,0,0,0,0,0,1,1,0,0,0,1,0,1,0
2,16.05,36.04,Stay,5,1,1,0,1,0,1,0,0,0,0,1,0,1,0,1,0,0,0,1,0
3,6.06,32.07,Stay,6,1,1,0,1,0,1,0,0,0,1,0,0,1,0,1,0,0,0,1,0
4,7.0,32.05,Stay,1,0,1,0,1,0,1,0,0,0,1,0,0,1,0,1,0,0,0,1,0
5,9.01,39.09,Stay,5,1,0,0,1,0,1,0,0,0,0,1,0,1,0,1,0,0,0,1,0
6,5.02,28.02,Stay,3,1,0,1,0,0,0,1,0,0,1,0,0,1,0,1,0,0,1,0,0
7,5.11,30.11,Left,5,1,0,1,0,0,1,0,0,0,1,0,0,1,0,1,0,0,0,1,0
8,6.04,33.05,Left,5,1,0,1,0,0,1,0,0,0,1,0,0,1,0,1,0,0,0,1,0
9,10.01,41.06,Stay,7,1,1,0,1,0,0,0,1,0,1,0,0,1,0,1,0,0,0,1,0
10,0.1,27.1,Left,6,0,0,0,1,0,0,1,0,1,0,0,0,1,0,1,0,0,0,1,0
11,9.08,34.09,Stay,6,1,0,0,1,0,1,0,0,0,1,0,0,1,0,1,0,0,0,1,0
12,6.03,30.01,Left,4,1,0,0,1,0,0,1,0,0,1,0,0,1,0,1,0,0,0,1,0
13,6.09,32.07,Left,0,0,0,0,1,0,1,0,0,0,1,0,0,1,0,1,0,0,0,0,1
14,11.02,39.07,Stay,2,1,0,0,1,0,1,0,0,0,0,1,0,1,0,1,0,0,0,1,0
15,5.02,26.07,Stay,7,1,1,0,1,0,1,0,0,0,1,0,0,1,0,1,0,0,1,0,0
16,5.02,27.1,Left,0,1,0,0,1,0,1,0,0,0,1,0,0,1,0,1,0,0,0,1,0
17,5.02,36.03,Left,1,1,0,0,1,0,1,0,0,1,0,0,0,1,0,1,0,0,0,1,0
18,4.09,31.09,Left,6,1,0,0,1,0,0,1,0,0,1,0,0,1,0,1,0,0,0,1,0
19,5.1,27.08,Stay,5,1,1,1,0,0,0,1,0,0,1,0,0,1,0,1,0,0,0,1,0
20,4.03,27.07,Left,4,1,0,0,1,0,0,1,0,1,0,0,0,1,0,1,0,0,0,1,0
21,0.03,21.05,Stay,5,0,1,0,1,0,0,1,0,1,0,0,0,1,0,1,0,0,1,0,0
22,1.1,24.1,Stay,0,0,1,0,1,0,0,1,0,1,0,0,0,1,0,1,0,0,1,0,0
23,3.03,28.08,Stay,4,1,1,0,1,0,0,1,0,1,0,0,0,1,0,1,0,0,0,1,0
24,11.02,39.06,Stay,4,0,1,0,1,0,1,0,0,0,0,1,0,1,0,1,0,0,0,1,0
25,4.04,29.02,Left,4,1,0,0,1,0,0,1,0,1,0,0,0,1,0,1,0,0,0,1,0
26,8.04,30.07,Stay,5,1,0,0,1,0,0,1,0,0,1,0,0,1,0,1,0,0,1,0,0
27,8.03,35.07,Stay,5,1,0,0,1,0,1,0,0,0,1,0,0,1,0,1,0,0,0,1,0
28,5.03,27.03,Left,7,1,0,0,1,0,0,1,0,1,0,0,0,1,0,1,0,0,0,1,0
29,1.0,23.03,Left,7,1,0,0,1,0,0,1,0,1,0,0,0,1,0,1,0,0,1,0,0
30,3.11,26.05,Stay,7,1,0,0,1,0,1,0,0,1,0,0,0,1,0,1,0,0,1,0,0
31,6.1,32.04,Stay,7,0,0,1,0,0,1,0,0,0,1,0,0,1,0,1,0,0,1,0,0
32,4.03,28.12,Left,4,1,0,0,1,0,0,1,0,1,0,0,0,1,0,1,0,0,1,0,0
33,7.04,32.02,Stay,6,0,0,1,0,0,1,0,0,0,1,0,0,1,0,1,0,0,0,1,0
34,9.07,36.04,Left,6,1,0,0,1,0,1,0,0,0,0,1,0,1,0,1,0,0,0,1,0
35,6.1,32.04,Left,6,0,1,0,1,0,0,1,0,0,1,0,0,1,0,1,0,0,0,1,0
36,2.04,26.07,Left,5,0,1,0,1,0,0,1,0,1,0,0,0,1,0,1,0,0,1,0,0
37,9.04,38.07,Stay,4,1,1,1,0,0,1,0,0,0,1,0,0,1,0,1,0,0,0,1,0
38,2.03,30.06,Stay,4,1,0,1,0,0,1,0,0,1,0,0,0,1,0,1,0,0,0,1,0
39,15.04,43.0,Stay,5,1,1,0,1,0,1,0,0,0,0,1,0,1,0,1,0,0,0,1,0
40,0.04,25.06,Stay,5,0,1,0,1,0,0,1,0,1,0,0,0,1,0,1,0,0,0,1,0
41,1.08,26.07,Left,5,1,0,0,1,0,0,1,0,1,0,0,0,1,0,1,0,0,0,1,0
42,5.04,27.05,Left,7,1,0,0,1,0,0,1,0,0,1,0,0,1,0,1,0,0,0,1,0
43,3.04,26.03,Left,7,0,0,0,1,0,0,1,0,1,0,0,0,1,0,1,0,0,0,1,0
44,10.04,37.0,Stay,6,0,0,0,0,1,1,0,0,0,1,0,0,1,0,1,0,0,0,1,0
45,3.07,33.1,Stay,5,1,0,0,1,0,1,0,0,1,0,0,0,1,0,1,0,0,1,0,0
46,0.1,23.06,Left,6,0,0,0,1,0,0,1,0,1,0,0,0,1,0,1,0,0,0,1,0
47,12.05,39.08,Left,7,0,0,0,1,0,0,1,0,0,1,0,0,1,0,1,0,0,0,1,0
48,2.01,26.02,Stay,0,1,1,0,1,0,0,1,0,1,0,0,0,1,0,0,0,1,1,0,0
49,1.01,24.02,Stay,5,0,1,0,1,0,0,1,0,1,0,0,0,1,0,1,0,0,1,0,0
50,1.06,25.04,Stay,6,0,1,1,0,0,0,1,0,1,0,0,0,1,0,1,0,0,0,1,0
51,1.02,23.08,Stay,6,0,1,1,0,0,0,1,0,1,0,0,0,1,0,1,0,0,0,1,0
52,0.04,22.03,Stay,5,0,1,0,1,0,0,1,0,1,0,0,0,1,0,1,0,0,1,0,0
53,6.05,36.07,Stay,6,1,1,0,1,0,1,0,0,0,0,1,0,1,0,1,0,0,0,1,0
54,2.11,25.01,Stay,7,0,1,0,1,0,0,1,0,1,0,0,0,1,0,1,0,0,0,1,0
55,12.05,37.07,Stay,6,1,0,1,0,0,1,0,0,0,0,1,0,1,0,1,0,0,0,1,0
56,3.05,24.04,Left,7,0,0,0,1,0,0,1,0,1,0,0,0,1,0,1,0,0,0,1,0
57,4.09,30.04,Stay,7,1,0,0,1,0,1,0,0,1,0,0,0,1,0,1,0,0,0,1,0
58,12.05,40.07,Stay,2,0,0,0,1,0,1,0,0,0,1,0,0,1,0,1,0,0,0,1,0
59,4.06,27.07,Left,3,1,0,0,1,0,0,1,0,1,0,0,0,1,0,1,0,0,1,0,0
60,1.03,23.11,Left,5,1,0,0,1,0,0,1,0,1,0,0,0,1,0,1,0,0,0,1,0
61,8.06,31.02,Stay,3,1,0,0,1,0,1,0,0,0,1,0,0,1,0,1,0,0,1,0,0
62,6.06,30.03,Stay,6,0,1,0,1,0,0,1,0,0,0,1,0,1,0,1,0,0,0,1,0
63,3.04,28.06,Stay,3,0,1,0,1,0,0,1,0,1,0,0,0,1,0,1,0,0,1,0,0
64,1.07,24.03,Left,6,1,0,0,1,0,0,1,0,1,0,0,0,1,0,1,0,0,0,1,0
65,17.06,41.04,Stay,7,1,0,0,1,0,1,0,0,0,0,1,0,1,0,1,0,0,0,1,0
66,6.06,29.05,Stay,5,1,1,1,0,0,0,1,0,0,1,0,0,1,0,1,0,0,0,0,1
67,3.1,25.04,Stay,7,1,1,0,1,0,0,1,0,1,0,0,0,1,0,1,0,0,1,0,0
68,1.05,23.1,Stay,7,1,1,0,1,0,0,1,0,1,0,0,0,1,0,1,0,0,1,0,0
69,5.0,28.01,Left,3,1,0,0,1,0,1,0,0,0,1,0,0,1,0,1,0,0,0,1,0
70,6.03,28.08,Stay,7,0,1,0,1,0,1,0,0,0,1,0,0,1,0,1,0,0,1,0,0
71,2.11,27.06,Left,0,1,0,0,1,0,0,1,0,1,0,0,0,1,0,0,0,1,0,1,0
72,8.06,33.03,Stay,4,0,1,1,0,0,1,0,0,0,0,1,0,1,0,1,0,0,0,1,0
73,6.1,29.1,Stay,5,1,0,1,0,0,0,1,0,0,1,0,0,1,0,1,0,0,0,1,0
74,5.11,27.02,Left,6,1,0,1,0,0,0,1,0,0,1,0,0,1,0,1,0,0,1,0,0
75,15.06,36.02,Stay,5,1,0,0,1,0,1,0,0,0,0,0,1,1,0,0,1,0,0,1,0
76,5.03,26.07,Left,3,0,1,0,1,0,0,1,0,0,1,0,0,1,0,1,0,0,0,1,0
77,10.06,33.0,Stay,5,0,1,0,1,0,1,0,0,1,0,0,0,1,0,1,0,0,1,0,0
78,6.07,28.06,Stay,3,0,1,0,1,0,0,1,0,1,0,0,0,1,0,1,0,0,0,1,0
79,8.06,31.05,Stay,3,1,0,1,0,0,1,0,0,0,1,0,0,1,0,1,0,0,0,1,0
80,4.11,25.02,Left,3,1,0,1,0,0,0,1,0,0,1,0,0,1,0,1,0,0,1,0,0
81,3.06,27.06,Stay,3,0,1,1,0,0,0,1,0,1,0,0,0,1,0,1,0,0,0,1,0
82,0.09,27.1,Stay,0,0,1,0,1,0,0,1,0,1,0,0,0,1,0,1,0,0,1,0,0
83,12.07,35.12,Stay,6,1,0,0,1,0,1,0,0,0,0,1,0,1,0,0,1,0,0,1,0
84,7.06,34.07,Stay,5,1,1,0,1,0,1,0,0,0,1,0,0,1,0,1,0,0,0,1,0
85,2.07,27.09,Stay,5,0,1,0,1,0,0,1,0,1,0,0,0,1,0,1,0,0,0,1,0
86,13.1,36.07,Stay,5,0,1,0,1,0,1,0,0,0,0,1,0,1,0,1,0,0,1,0,0
87,1.09,24.08,Stay,5,0,1,0,1,0,0,1,0,1,0,0,0,1,0,1,0,0,1,0,0
88,8.01,36.1,Left,6,1,0,0,1,0,1,0,0,0,1,0,0,1,0,1,0,0,0,1,0
89,0.07,26.07,Left,7,0,0,0,1,0,0,1,0,0,0,1,0,1,0,0,1,0,0,1,0
90,5.07,29.1,Stay,6,1,0,1,0,0,1,0,0,0,1,0,0,1,0,1,0,0,1,0,0
91,12.07,38.09,Stay,5,0,0,1,0,0,1,0,0,0,0,1,0,1,0,1,0,0,1,0,0
92,10.07,41.0,Stay,5,1,1,0,1,0,0,0,1,0,1,0,0,1,0,1,0,0,0,0,1
93,5.01,25.09,Left,6,1,0,0,1,0,0,1,0,0,1,0,0,1,0,1,0,0,0,1,0
94,9.07,37.1,Left,6,1,0,1,0,0,1,0,0,0,1,0,0,1,0,0,0,1,0,1,0
95,3.07,25.07,Left,3,1,0,1,0,0,0,1,0,1,0,0,0,1,0,1,0,0,0,1,0
96,5.01,28.06,Stay,6,0,1,0,0,1,0,1,0,0,1,0,0,1,0,1,0,0,0,1,0
97,2.06,24.1,Left,5,1,0,0,1,0,0,1,0,1,0,0,0,1,0,1,0,0,0,1,0
98,7.07,33.08,Stay,7,1,1,0,1,0,1,0,0,0,1,0,0,1,0,1,0,0,0,1,0
99,3.02,27.07,Stay,7,1,1,0,1,0,0,1,0,1,0,0,0,1,0,1,0,0,0,1,0
100,9.08,36.06,Stay,4,1,0,0,1,0,1,0,0,0,1,0,0,1,0,1,0,0,0,1,0
101,9.11,35.08,Stay,6,1,0,0,1,0,1,0,0,0,0,1,0,1,0,1,0,0,0,1,0
102,6.08,28.02,Left,5,1,0,0,1,0,0,1,0,0,1,0,0,1,0,1,0,0,0,1,0
103,7.08,30.04,Left,6,1,0,1,0,0,0,1,0,0,1,0,0,1,0,1,0,0,0,1,0
104,4.1,29.05,Left,5,1,0,0,1,0,0,1,0,0,1,0,0,1,0,1,0,0,0,1,0
105,4.01,27.07,Left,5,0,0,0,1,0,0,1,0,1,0,0,0,1,0,1,0,0,1,0,0
106,3.1,27.06,Left,5,1,0,1,0,0,0,1,0,1,0,0,0,1,0,1,0,0,0,1,0
107,0.08,22.07,Stay,7,0,1,0,1,0,0,1,0,1,0,0,0,1,0,1,0,0,1,0,0
108,1.05,25.04,Stay,6,1,1,0,1,0,0,1,0,1,0,0,0,1,0,1,0,0,1,0,0
109,2.02,25.06,Stay,5,0,1,0,1,0,1,0,0,1,0,0,0,1,0,1,0,0,1,0,0
110,4.08,27.1,Left,6,1,0,0,1,0,0,1,0,1,0,0,0,1,0,1,0,0,0,1,0
111,9.01,33.08,Left,5,1,0,0,1,0,0,1,0,0,1,0,0,1,0,1,0,0,0,1,0
112,4.01,25.06,Left,5,1,0,0,1,0,0,1,0,1,0,0,0,1,0,1,0,0,0,1,0
113,6.1,33.02,Stay,5,1,0,1,0,0,1,0,0,0,1,0,0,1,0,1,0,0,0,1,0
114,3.01,31.01,Stay,7,1,1,0,1,0,1,0,0,1,0,0,0,1,0,1,0,0,1,0,0
115,3.08,26.01,Left,3,1,0,0,1,0,0,1,0,1,0,0,0,1,0,1,0,0,1,0,0
116,6.08,27.04,Left,3,1,0,0,1,0,0,1,0,0,1,0,0,1,0,1,0,0,0,1,0
117,1.09,24.04,Stay,5,1,1,0,0,1,0,1,0,1,0,0,0,1,0,1,0,0,0,1,0
118,4.08,30.07,Left,7,0,0,0,1,0,0,1,0,1,0,0,0,1,0,1,0,0,0,1,0
119,15.03,50.07,Stay,7,1,0,0,0,1,1,0,0,0,0,1,0,1,0,1,0,0,0,1,0
120,5.05,29.09,Left,5,1,0,0,1,0,0,1,0,1,0,0,0,1,0,1,0,0,1,0,0
121,9.09,34.04,Stay,6,1,1,0,0,1,1,0,0,0,0,1,0,1,0,1,0,0,0,1,0
122,25.08,40.04,Stay,6,0,0,1,0,0,1,0,0,0,0,0,1,1,0,1,0,0,0,1,0
123,4.1,28.09,Left,5,1,0,0,1,0,0,1,0,1,0,0,0,1,0,1,0,0,1,0,0
124,11.04,25.04,Stay,6,0,1,0,1,0,0,1,0,0,1,0,0,1,0,1,0,0,0,1,0
125,6.09,30.01,Stay,7,1,0,0,1,0,1,0,0,0,1,0,0,1,0,1,0,0,0,1,0
126,5.05,29.02,Stay,7,1,1,0,0,1,1,0,0,0,1,0,0,1,0,1,0,0,0,1,0
127,10.09,36.0,Stay,7,0,1,0,1,0,1,0,0,0,1,0,0,1,0,1,0,0,0,1,0
128,3.02,27.03,Stay,6,0,1,0,1,0,0,1,0,1,0,0,0,1,0,1,0,0,0,1,0
129,1.08,30.06,Stay,7,0,1,0,1,0,1,0,0,1,0,0,0,1,0,1,0,0,0,1,0
130,0.08,24.02,Left,0,0,0,0,1,0,0,1,0,1,0,0,0,1,0,1,0,0,0,1,0
131,0.09,30.01,Stay,0,0,0,0,1,0,1,0,0,1,0,0,0,1,0,1,0,0,1,0,0
132,5.02,28.02,Left,5,0,0,0,1,0,0,1,0,1,0,0,0,1,0,1,0,0,0,0,1
133,5.01,28.07,Left,4,0,0,0,1,0,0,1,0,1,0,0,0,1,0,1,0,0,0,1,0
134,8.09,32.09,Stay,6,0,1,0,1,0,1,0,0,0,1,0,0,1,0,1,0,0,0,1,0
135,12.09,35.12,Stay,7,0,1,0,1,0,1,0,0,0,0,1,0,1,0,1,0,0,0,1,0
136,10.09,37.07,Stay,7,0,0,0,1,0,1,0,0,0,1,0,0,1,0,1,0,0,0,1,0
137,10.09,33.07,Left,2,0,0,0,1,0,1,0,0,0,1,0,0,1,0,1,0,0,0,1,0
138,4.03,30.11,Stay,5,0,1,0,1,0,0,1,0,0,1,0,0,1,0,1,0,0,0,1,0
139,4.03,27.07,Stay,7,0,1,0,1,0,0,1,0,1,0,0,0,1,0,1,0,0,0,1,0
140,5.09,35.06,Left,4,0,0,1,0,0,0,1,0,1,0,0,0,1,0,1,0,0,0,1,0
141,4.08,30.09,Left,3,1,0,1,0,0,0,1,0,1,0,0,0,1,0,1,0,0,0,1,0
142,1.09,28.11,Left,6,0,0,0,1,0,1,0,0,1,0,0,0,1,0,0,0,1,0,1,0
143,2.11,30.1,Left,5,0,0,0,1,0,0,1,0,0,1,0,0,0,1,1,0,0,0,1,0
144,6.01,30.08,Stay,7,0,1,0,1,0,1,0,0,0,1,0,0,1,0,1,0,0,1,0,0
145,9.02,32.03,Stay,7,0,0,0,1,0,1,0,0,0,1,0,0,1,0,1,0,0,0,1,0
146,5.05,26.06,Left,5,1,0,0,1,0,0,1,0,1,0,0,0,1,0,1,0,0,0,1,0
147,8.11,38.06,Stay,7,0,1,0,1,0,1,0,0,0,1,0,0,1,0,1,0,0,0,1,0
148,11.03,36.11,Stay,6,1,0,1,0,0,1,0,0,0,0,1,0,1,0,1,0,0,0,1,0
149,11.03,35.04,Stay,2,0,1,0,1,0,1,0,0,1,0,0,0,1,0,1,0,0,0,1,0
150,3.02,24.09,Stay,5,0,1,0,1,0,0,1,0,1,0,0,0,1,0,1,0,0,1,0,0
151,3.11,37.07,Left,0,0,0,0,1,0,1,0,0,1,0,0,0,1,0,1,0,0,0,1,0
152,2.1,25.11,Left,6,0,0,0,1,0,0,1,0,1,0,0,0,1,0,1,0,0,0,1,0
153,2.0,24.02,Stay,5,1,1,1,0,0,0,1,0,1,0,0,0,1,0,1,0,0,1,0,0
154,11.0,39.11,Stay,7,0,1,1,0,0,1,0,0,0,1,0,0,1,0,1,0,0,0,1,0
155,6.09,28.05,Stay,4,1,0,1,0,0,1,0,0,0,1,0,0,1,0,1,0,0,1,0,0
156,4.04,26.12,Stay,3,1,1,0,1,0,1,0,0,1,0,0,0,1,0,1,0,0,0,1,0
157,8.01,35.09,Stay,3,0,1,1,0,0,0,1,0,0,1,0,0,1,0,1,0,0,0,0,1
158,4.1,27.11,Left,6,1,0,0,1,0,0,1,0,1,0,0,0,1,0,1,0,0,0,1,0
159,0.11,26.01,Left,6,1,0,0,1,0,0,1,0,1,0,0,0,1,0,1,0,0,0,1,0
160,7.0,31.09,Stay,7,1,0,0,1,0,1,0,0,0,1,0,0,1,0,1,0,0,0,1,0
161,7.1,39.0,Stay,6,0,0,0,1,0,1,0,0,0,1,0,0,1,0,1,0,0,0,1,0
162,5.03,42.02,Stay,5,0,0,1,0,0,1,0,0,0,1,0,0,1,0,1,0,0,0,1,0
163,3.09,25.07,Left,5,0,0,1,0,0,0,1,0,1,0,0,0,1,0,1,0,0,0,1,0
164,0.1,23.08,Stay,2,0,1,0,1,0,0,1,0,0,0,0,1,1,0,0,0,1,1,0,0
165,3.06,28.05,Stay,1,1,1,0,1,0,0,1,0,1,0,0,0,1,0,1,0,0,0,1,0
166,6.04,28.05,Stay,7,0,1,0,1,0,0,1,0,0,1,0,0,1,0,1,0,0,0,1,0
167,9.05,36.07,Left,7,0,0,1,0,0,0,1,0,0,1,0,0,1,0,1,0,0,1,0,0
168,2.08,24.12,Left,7,1,0,0,1,0,0,1,0,1,0,0,0,1,0,1,0,0,1,0,0
169,8.1,31.01,Left,6,1,0,1,0,0,0,1,0,0,1,0,0,1,0,1,0,0,0,1,0
170,1.11,24.09,Left,7,1,0,1,0,0,0,1,0,1,0,0,0,1,0,1,0,0,0,1,0
171,2.01,24.08,Stay,6,1,1,0,1,0,0,1,0,1,0,0,0,1,0,1,0,0,1,0,0
172,4.1,27.11,Stay,3,0,1,0,1,0,0,1,0,1,0,0,0,1,0,1,0,0,0,1,0
173,4.02,31.04,Stay,6,0,1,0,1,0,1,0,0,0,1,0,0,1,0,1,0,0,0,1,0
174,5.04,29.05,Left,6,1,0,0,1,0,0,1,0,1,0,0,0,1,0,1,0,0,0,1,0
175,3.1,28.0,Stay,7,1,0,0,1,0,1,0,0,1,0,0,0,1,0,1,0,0,0,1,0
176,7.09,31.08,Left,5,1,0,0,1,0,0,1,0,0,1,0,0,1,0,1,0,0,0,1,0
177,5.03,33.05,Stay,3,1,1,0,1,0,1,0,0,0,1,0,0,1,0,1,0,0,0,1,0
178,4.01,28.03,Stay,6,0,1,0,0,1,0,1,0,0,1,0,0,1,0,1,0,0,0,1,0
179,2.07,24.11,Left,6,0,0,1,0,0,0,1,0,1,0,0,0,1,0,1,0,0,0,1,0
180,12.08,38.0,Stay,7,0,1,0,0,1,1,0,0,0,1,0,0,1,0,1,0,0,0,1,0
181,4.0,28.11,Stay,0,1,1,0,1,0,0,1,0,1,0,0,0,1,0,1,0,0,0,1,0
182,2.02,23.06,Left,7,0,0,1,0,0,0,1,0,1,0,0,0,1,0,1,0,0,0,1,0
183,5.07,29.06,Stay,3,0,1,1,0,0,1,0,0,1,0,0,0,1,0,1,0,0,1,0,0
184,3.0,26.05,Left,6,1,0,0,1,0,0,1,0,0,1,0,0,1,0,1,0,0,0,1,0
185,0.11,25.01,Stay,5,0,1,0,1,0,0,1,0,1,0,0,0,1,0,1,0,0,0,1,0
186,1.0,23.03,Stay,5,0,1,0,1,0,0,1,0,1,0,0,0,1,0,1,0,0,0,1,0
187,6.09,29.07,Stay,6,0,1,0,0,1,0,1,0,1,0,0,0,1,0,1,0,0,1,0,0
188,11.11,38.04,Stay,6,1,1,0,1,0,1,0,0,0,0,0,1,1,0,0,1,0,0,1,0
189,3.11,26.06,Stay,4,0,1,0,0,1,0,1,0,1,0,0,0,1,0,1,0,0,1,0,0
190,5.11,34.08,Left,7,0,0,1,0,0,0,1,0,1,0,0,0,1,0,1,0,0,0,1,0
191,1.11,28.04,Stay,7,0,1,0,1,0,0,1,0,1,0,0,0,1,0,1,0,0,0,1,0
192,7.01,34.03,Stay,5,0,0,1,0,0,1,0,0,0,1,0,0,1,0,1,0,0,0,1,0
193,3.0,25.08,Stay,3,0,1,0,1,0,0,1,0,1,0,0,0,1,0,1,0,0,0,0,1
194,3.06,27.07,Left,6,0,0,0,1,0,1,0,0,1,0,0,0,1,0,0,0,1,1,0,0
195,19.08,35.1,Stay,6,1,1,0,0,1,1,0,0,0,0,1,0,1,0,1,0,0,0,1,0
196,11.08,34.0,Stay,3,0,1,0,1,0,1,0,0,0,0,1,0,1,0,1,0,0,0,1,0
197,7.04,30.02,Stay,6,0,1,0,1,0,1,0,0,0,1,0,0,1,0,0,0,1,1,0,0
198,3.11,27.01,Stay,5,1,1,0,1,0,0,1,0,1,0,0,0,1,0,1,0,0,0,1,0
199,4.11,28.0,Left,5,1,0,0,1,0,0,1,0,1,0,0,0,1,0,1,0,0,0,1,0
200,10.11,36.1,Stay,5,1,0,1,0,0,1,0,0,0,1,0,0,1,0,1,0,0,0,1,0
201,3.05,26.04,Stay,7,0,1,0,1,0,0,1,0,1,0,0,0,1,0,1,0,0,0,1,0
202,6.08,28.07,Stay,7,0,1,0,1,0,0,1,0,0,1,0,0,1,0,1,0,0,0,1,0
203,5.04,30.06,Stay,7,0,0,0,1,0,1,0,0,0,1,0,0,1,0,1,0,0,0,1,0
204,1.0,24.04,Stay,4,0,1,0,1,0,0,0,1,1,0,0,0,1,0,1,0,0,0,1,0
205,5.0,27.07,Left,5,0,0,0,1,0,0,1,0,1,0,0,0,1,0,1,0,0,0,1,0
206,2.06,29.1,Stay,5,0,1,0,1,0,0,1,0,0,0,0,1,0,1,1,0,0,1,0,0
207,2.08,28.06,Left,4,1,0,0,1,0,0,0,1,0,1,0,0,0,1,1,0,0,0,1,0
208,3.07,26.09,Left,5,0,0,0,1,0,0,1,0,1,0,0,0,1,0,1,0,0,1,0,0
209,4.05,27.04,Stay,5,0,1,0,1,0,0,1,0,1,0,0,0,1,0,1,0,0,1,0,0
210,4.08,29.04,Stay,5,0,1,0,1,0,1,0,0,1,0,0,0,1,0,1,0,0,1,0,0
211,3.06,26.11,Stay,7,0,1,0,1,0,1,0,0,1,0,0,0,1,0,1,0,0,1,0,0
212,9.02,33.09,Stay,6,0,1,0,1,0,1,0,0,0,0,1,0,1,0,1,0,0,0,1,0
213,4.0,25.05,Stay,3,0,1,0,1,0,0,1,0,1,0,0,0,1,0,1,0,0,0,1,0
214,15.11,41.02,Stay,5,0,1,0,0,1,1,0,0,0,0,0,1,1,0,1,0,0,0,1,0
215,3.07,24.03,Left,6,0,0,0,1,0,0,1,0,1,0,0,0,1,0,0,0,1,0,1,0
216,3.01,27.11,Stay,6,1,1,0,1,0,0,1,0,1,0,0,0,1,0,0,0,1,0,1,0
217,6.06,38.1,Left,5,0,0,1,0,0,0,1,0,1,0,0,0,1,0,1,0,0,0,1,0
218,4.11,29.12,Stay,6,0,1,1,0,0,0,1,0,1,0,0,0,1,0,1,0,0,0,1,0
219,7.11,30.11,Stay,7,0,0,0,1,0,1,0,0,0,1,0,0,1,0,1,0,0,0,1,0
220,8.0,32.12,Stay,5,0,0,0,1,0,1,0,0,0,1,0,0,1,0,1,0,0,0,1,0
221,2.08,26.0,Left,6,0,0,1,0,0,0,1,0,1,0,0,0,1,0,1,0,0,0,1,0
222,4.03,29.02,Stay,6,0,1,0,1,0,0,1,0,1,0,0,0,1,0,1,0,0,0,1,0
223,10.0,37.1,Stay,7,0,1,0,1,0,1,0,0,0,1,0,0,1,0,1,0,0,1,0,0
224,12.0,38.06,Stay,5,0,1,0,1,0,1,0,0,0,0,1,0,1,0,1,0,0,0,1,0
225,5.06,35.05,Stay,5,0,1,0,1,0,1,0,0,1,0,0,0,1,0,1,0,0,1,0,0
226,4.08,28.02,Left,7,0,0,0,1,0,0,1,0,1,0,0,0,1,0,1,0,0,0,1,0
227,15.0,38.09,Left,3,0,1,0,1,0,1,0,0,0,0,1,0,1,0,1,0,0,0,1,0
228,6.01,36.06,Stay,5,0,1,0,1,0,1,0,0,0,1,0,0,1,0,1,0,0,0,1,0
229,3.06,29.05,Left,5,1,0,1,0,0,0,1,0,1,0,0,0,1,0,1,0,0,0,1,0
230,6.02,29.05,Stay,3,0,1,0,1,0,1,0,0,0,1,0,0,1,0,1,0,0,1,0,0
231,6.01,30.03,Stay,5,0,1,0,1,0,1,0,0,1,0,0,0,1,0,1,0,0,1,0,0
232,10.0,36.12,Left,5,0,1,0,1,0,1,0,0,1,0,0,0,1,0,1,0,0,0,1,0
233,9.0,28.12,Left,5,0,1,0,1,0,0,1,0,0,1,0,0,1,0,1,0,0,0,1,0
234,4.0,26.07,Stay,5,0,1,0,1,0,1,0,0,0,1,0,0,1,0,1,0,0,0,1,0
235,5.0,33.06,Stay,7,0,1,0,1,0,1,0,0,1,0,0,0,1,0,0,0,1,1,0,0
236,9.01,37.07,Stay,3,1,0,1,0,0,1,0,0,0,0,1,0,1,0,1,0,0,0,1,0
237,2.05,27.0,Left,6,0,0,1,0,0,0,1,0,1,0,0,0,1,0,1,0,0,1,0,0
238,3.08,29.01,Stay,7,0,1,0,1,0,1,0,0,1,0,0,0,1,0,1,0,0,0,1,0
239,5.08,32.02,Stay,4,0,1,0,1,0,1,0,0,0,1,0,0,1,0,1,0,0,0,1,0
240,9.0,30.07,Stay,5,0,0,0,1,0,1,0,0,0,1,0,0,1,0,1,0,0,1,0,0
241,1.09,23.08,Left,7,0,0,0,1,0,0,1,0,1,0,0,0,0,1,1,0,0,1,0,0
242,3.07,26.09,Stay,7,0,1,0,1,0,0,1,0,1,0,0,0,1,0,1,0,0,0,1,0
243,1.09,26.09,Stay,6,0,1,0,1,0,0,1,0,1,0,0,0,1,0,1,0,0,0,1,0
244,4.0,25.01,Stay,5,0,1,0,1,0,0,1,0,0,1,0,0,1,0,1,0,0,1,0,0
245,9.0,31.03,Left,5,0,0,0,1,0,1,0,0,0,1,0,0,1,0,1,0,0,0,1,0
246,7.05,32.02,Stay,1,0,1,0,1,0,1,0,0,0,1,0,0,1,0,1,0,0,0,1,0
247,3.01,26.05,Stay,2,0,1,0,1,0,1,0,0,1,0,0,0,1,0,1,0,0,1,0,0
248,3.04,24.01,Stay,6,0,1,0,1,0,0,1,0,1,0,0,0,1,0,1,0,0,0,1,0
249,7.02,32.06,Stay,2,0,1,0,1,0,1,0,0,1,0,0,0,1,0,1,0,0,0,1,0
250,12.02,38.11,Left,4,0,0,1,0,0,1,0,0,0,0,1,0,1,0,1,0,0,0,1,0
251,7.01,30.07,Stay,4,1,1,0,1,0,1,0,0,1,0,0,0,0,1,1,0,0,0,1,0
252,4.02,30.01,Stay,5,1,1,0,1,0,0,1,0,1,0,0,0,1,0,1,0,0,0,1,0
253,6.08,29.04,Stay,5,0,1,0,1,0,0,1,0,0,1,0,0,1,0,1,0,0,0,1,0
254,4.01,27.03,Left,5,1,0,0,1,0,0,1,0,1,0,0,0,0,1,1,0,0,0,1,0
255,6.09,30.02,Stay,5,1,1,0,1,0,0,1,0,0,1,0,0,1,0,1,0,0,0,1,0
256,2.1,25.11,Stay,0,0,1,0,0,1,0,1,0,1,0,0,0,1,0,1,0,0,0,1,0
257,6.11,29.02,Stay,7,0,1,0,1,0,1,0,0,0,1,0,0,0,1,1,0,0,0,1,0
258,3.11,25.06,Stay,7,1,1,0,1,0,0,1,0,1,0,0,0,1,0,1,0,0,0,1,0
259,5.0,27.02,Left,4,0,0,1,0,0,0,1,0,1,0,0,0,1,0,1,0,0,0,1,0
260,7.11,27.11,Stay,6,1,0,0,1,0,0,1,0,0,1,0,0,0,1,1,0,0,0,1,0
261,4.05,30.11,Stay,7,0,1,1,0,0,1,0,0,1,0,0,0,0,1,1,0,0,1,0,0
262,5.0,28.04,Stay,7,0,1,0,1,0,0,1,0,0,1,0,0,1,0,1,0,0,0,1,0
263,3.04,26.05,Stay,6,0,1,0,1,0,0,1,0,1,0,0,0,0,1,0,0,1,0,1,0
264,6.05,29.09,Stay,5,0,1,0,1,0,1,0,0,0,1,0,0,0,1,1,0,0,0,1,0
265,12.01,34.02,Left,4,0,0,0,1,0,1,0,0,0,0,1,0,0,1,1,0,0,0,1,0
266,8.06,31.03,Stay,6,0,1,0,1,0,1,0,0,0,1,0,0,0,1,1,0,0,0,1,0
267,1.01,29.04,Stay,0,0,1,0,1,0,1,0,0,1,0,0,0,0,1,1,0,0,1,0,0
268,1.08,23.12,Left,6,1,0,0,1,0,0,1,0,1,0,0,0,0,1,1,0,0,1,0,0
269,1.1,24.04,Left,7,1,0,0,1,0,0,1,0,1,0,0,0,0,1,1,0,0,0,1,0
270,8.03,30.02,Stay,7,1,1,0,1,0,0,1,0,0,1,0,0,0,1,1,0,0,0,1,0
271,5.09,27.07,Stay,7,0,1,0,1,0,0,1,0,0,1,0,0,0,1,1,0,0,1,0,0
272,3.03,24.1,Left,7,1,0,1,0,0,0,1,0,1,0,0,0,0,1,1,0,0,0,1,0
273,2.05,25.03,Left,7,1,0,0,1,0,0,1,0,1,0,0,0,0,1,1,0,0,0,1,0
274,6.04,30.08,Left,4,0,1,1,0,0,0,1,0,1,0,0,0,0,1,1,0,0,0,1,0
275,6.01,29.1,Stay,5,1,1,0,1,0,1,0,0,0,1,0,0,0,1,1,0,0,1,0,0
276,5.06,29.01,Stay,2,1,1,0,1,0,1,0,0,1,0,0,0,0,1,1,0,0,0,1,0
277,4.09,30.03,Stay,6,0,1,0,1,0,1,0,0,1,0,0,0,0,1,0,0,1,1,0,0
278,11.01,33.08,Stay,6,1,0,0,1,0,1,0,0,0,0,1,0,0,1,1,0,0,0,1,0
279,3.07,25.06,Stay,0,0,1,0,1,0,0,1,0,1,0,0,0,0,1,1,0,0,0,1,0
280,6.02,29.04,Stay,7,0,1,0,1,0,0,1,0,0,1,0,0,0,1,1,0,0,0,1,0
281,1.02,23.09,Stay,7,0,1,0,1,0,0,1,0,1,0,0,0,0,1,1,0,0,1,0,0
282,1.02,23.1,Left,6,0,0,0,1,0,0,1,0,1,0,0,0,0,1,1,0,0,0,1,0
283,6.07,32.04,Stay,1,1,0,0,0,1,1,0,0,0,1,0,0,0,1,1,0,0,0,1,0
284,4.02,25.11,Left,7,1,0,1,0,0,0,1,0,0,1,0,0,0,1,1,0,0,0,1,0
285,2.02,24.06,Stay,7,0,1,0,1,0,0,1,0,1,0,0,0,0,1,1,0,0,1,0,0
286,3.09,30.06,Stay,5,0,1,0,1,0,0,1,0,1,0,0,0,0,1,1,0,0,0,1,0
287,3.02,26.01,Stay,4,1,1,0,1,0,0,1,0,1,0,0,0,0,1,1,0,0,1,0,0
288,3.09,27.07,Left,0,1,0,0,1,0,0,1,0,1,0,0,0,0,1,1,0,0,0,1,0
289,1.02,24.01,Stay,6,0,1,0,1,0,0,1,0,1,0,0,0,0,1,1,0,0,0,1,0
290,5.07,28.04,Stay,4,1,1,0,1,0,0,1,0,1,0,0,0,0,1,1,0,0,0,1,0
291,11.05,32.08,Stay,5,1,0,0,1,0,1,0,0,0,1,0,0,0,1,1,0,0,1,0,0
292,14.02,40.06,Stay,6,1,1,0,1,0,1,0,0,0,0,0,1,0,1,0,0,1,0,1,0
293,1.02,24.0,Stay,1,0,1,0,1,0,0,1,0,0,0,0,1,0,1,0,0,1,0,1,0
294,7.02,29.02,Left,6,1,0,0,1,0,0,1,0,0,1,0,0,0,1,1,0,0,0,1,0
295,2.03,24.03,Left,7,1,0,1,0,0,0,1,0,1,0,0,0,0,1,1,0,0,0,1,0
296,4.06,26.12,Stay,7,1,1,0,1,0,0,1,0,1,0,0,0,0,1,1,0,0,0,1,0
297,5.1,30.09,Stay,5,0,1,0,1,0,1,0,0,1,0,0,0,0,1,1,0,0,0,1,0
298,2.09,27.05,Left,7,0,0,0,1,0,0,1,0,1,0,0,0,0,1,1,0,0,0,1,0
299,6.02,29.02,Stay,6,0,1,0,1,0,0,1,0,0,1,0,0,0,1,1,0,0,0,1,0
300,1.07,25.03,Stay,6,0,1,0,1,0,0,1,0,1,0,0,0,0,1,0,1,0,1,0,0
301,4.07,26.05,Left,6,0,0,1,0,0,0,1,0,1,0,0,0,0,1,1,0,0,0,1,0
302,2.08,26.05,Stay,7,1,1,0,1,0,0,1,0,1,0,0,0,0,1,1,0,0,0,1,0
303,6.02,27.1,Left,6,0,1,0,1,0,1,0,0,1,0,0,0,0,1,1,0,0,0,1,0
304,5.02,27.04,Stay,6,0,1,0,0,1,0,1,0,0,1,0,0,0,1,1,0,0,0,1,0
305,3.07,28.06,Left,6,1,0,0,1,0,0,1,0,1,0,0,0,0,1,0,0,1,0,1,0
306,2.03,23.09,Stay,7,0,1,0,1,0,0,1,0,1,0,0,0,0,1,1,0,0,0,1,0
307,1.03,24.04,Left,6,1,0,0,1,0,0,1,0,1,0,0,0,0,1,0,0,1,1,0,0
308,3.0,25.1,Left,6,1,0,1,0,0,0,1,0,1,0,0,0,0,1,1,0,0,1,0,0
309,4.11,28.09,Left,6,1,0,0,1,0,0,1,0,0,1,0,0,0,1,1,0,0,0,1,0
310,6.05,28.1,Left,5,0,0,0,1,0,1,0,0,0,1,0,0,0,1,1,0,0,0,1,0
311,2.08,24.07,Left,7,0,0,0,1,0,0,1,0,1,0,0,0,0,1,1,0,0,0,1,0
312,5.03,27.12,Stay,7,1,0,0,1,0,0,1,0,1,0,0,0,0,1,1,0,0,0,1,0
313,4.02,27.06,Left,6,1,0,0,0,1,1,0,0,0,1,0,0,0,1,1,0,0,0,1,0
314,7.07,35.05,Stay,6,0,1,1,0,0,1,0,0,0,1,0,0,0,1,1,0,0,0,1,0
315,12.03,35.1,Stay,6,0,1,0,1,0,1,0,0,0,0,1,0,0,1,0,0,1,0,1,0
316,5.11,28.1,Stay,0,0,1,0,1,0,0,1,0,1,0,0,0,0,1,1,0,0,1,0,0
317,1.08,43.1,Stay,4,0,1,0,1,0,1,0,0,0,1,0,0,0,1,1,0,0,0,1,0
318,1.08,25.07,Stay,4,0,1,0,1,0,0,1,0,1,0,0,0,0,1,1,0,0,0,1,0
319,1.08,26.08,Stay,4,0,1,0,1,0,0,1,0,0,1,0,0,0,1,1,0,0,0,1,0
320,1.08,33.03,Left,4,0,0,0,1,0,0,1,0,0,1,0,0,0,1,1,0,0,0,1,0
321,1.03,24.02,Left,1,0,0,0,1,0,0,1,0,0,0,0,1,0,1,0,0,1,1,0,0
322,1.03,23.0,Left,6,0,0,0,1,0,0,1,0,1,0,0,0,0,1,1,0,0,1,0,0
323,4.03,29.02,Stay,7,0,1,0,1,0,1,0,0,1,0,0,0,0,1,1,0,0,0,1,0
324,8.03,35.07,Stay,6,0,1,0,0,1,1,0,0,0,1,0,0,0,1,1,0,0,0,1,0
325,6.03,34.01,Stay,5,1,0,0,1,0,0,1,0,0,1,0,0,0,1,1,0,0,0,1,0
326,1.09,27.11,Stay,5,0,1,0,1,0,1,0,0,1,0,0,0,0,1,1,0,0,0,1,0
327,11.08,34.06,Stay,3,1,1,0,1,0,1,0,0,0,1,0,0,0,1,1,0,0,0,1,0
328,4.03,27.04,Stay,6,0,1,0,1,0,0,1,0,1,0,0,0,0,1,1,0,0,1,0,0
329,1.03,24.09,Left,6,0,0,0,1,0,0,1,0,1,0,0,0,0,1,0,0,1,0,1,0
330,12.03,35.08,Stay,7,1,0,0,1,0,1,0,0,0,1,0,0,0,1,1,0,0,0,1,0
331,8.03,30.05,Stay,5,0,1,0,1,0,1,0,0,0,1,0,0,0,1,1,0,0,0,1,0
332,4.03,35.08,Stay,7,1,1,0,1,0,0,1,0,1,0,0,0,0,1,1,0,0,0,1,0
333,4.03,25.06,Stay,7,1,0,0,1,0,1,0,0,1,0,0,0,0,1,1,0,0,1,0,0
334,7.06,37.06,Stay,4,1,0,0,1,0,1,0,0,0,1,0,0,0,1,1,0,0,1,0,0
335,14.0,38.09,Stay,5,1,0,0,1,0,1,0,0,0,0,1,0,0,1,1,0,0,1,0,0
336,7.05,30.05,Stay,6,0,1,0,1,0,1,0,0,0,1,0,0,0,1,1,0,0,0,1,0
337,5.03,27.08,Left,6,1,0,0,1,0,0,1,0,0,1,0,0,0,1,1,0,0,0,1,0
338,4.1,29.09,Stay,6,0,1,1,0,0,0,1,0,0,1,0,0,0,1,1,0,0,0,1,0
339,2.07,27.03,Stay,6,0,1,1,0,0,0,1,0,1,0,0,0,0,1,1,0,0,1,0,0
340,4.08,26.05,Stay,3,1,1,0,1,0,0,1,0,1,0,0,0,0,1,1,0,0,1,0,0
341,1.03,23.04,Stay,7,0,1,0,1,0,0,1,0,1,0,0,0,0,1,1,0,0,0,1,0
342,6.08,32.1,Left,3,1,0,0,0,1,1,0,0,0,1,0,0,0,1,1,0,0,0,1,0
343,3.02,27.11,Left,5,1,0,0,1,0,0,1,0,1,0,0,0,0,1,1,0,0,1,0,0
344,5.03,27.07,Stay,7,1,0,0,1,0,0,1,0,1,0,0,0,0,1,1,0,0,1,0,0
345,12.1,40.02,Stay,4,0,1,0,1,0,0,1,0,0,1,0,0,0,1,1,0,0,1,0,0
346,3.11,29.0,Stay,7,0,1,0,1,0,0,1,0,1,0,0,0,0,1,1,0,0,0,1,0
347,2.06,23.08,Stay,5,0,1,0,1,0,0,1,0,1,0,0,0,0,1,1,0,0,1,0,0
348,3.1,26.03,Left,4,1,0,0,1,0,0,1,0,1,0,0,0,0,1,1,0,0,0,1,0
349,15.05,37.03,Left,6,0,0,1,0,0,1,0,0,0,0,1,0,0,1,0,0,1,1,0,0
350,16.04,42.05,Stay,7,0,1,0,1,0,1,0,0,0,0,0,1,0,1,0,0,1,0,1,0
351,4.04,26.09,Stay,5,0,1,0,1,0,0,1,0,1,0,0,0,0,1,1,0,0,1,0,0
352,7.03,30.04,Left,5,0,1,1,0,0,0,1,0,0,1,0,0,0,1,1,0,0,0,1,0
353,5.1,26.1,Left,5,1,0,1,0,0,1,0,0,1,0,0,0,0,1,1,0,0,1,0,0
354,8.04,29.06,Stay,5,1,1,0,1,0,0,1,0,0,1,0,0,0,1,1,0,0,0,1,0
355,8.04,32.05,Stay,7,1,0,0,1,0,1,0,0,0,1,0,0,0,1,1,0,0,0,1,0
356,5.08,28.03,Left,6,1,0,0,1,0,0,1,0,1,0,0,0,0,1,1,0,0,1,0,0
357,8.01,32.07,Stay,6,1,1,0,1,0,1,0,0,0,1,0,0,0,1,1,0,0,0,1,0
358,2.04,24.08,Stay,1,0,1,0,1,0,0,1,0,1,0,0,0,0,1,1,0,0,1,0,0
359,4.07,27.02,Left,6,1,0,0,1,0,0,1,0,1,0,0,0,0,1,1,0,0,0,1,0
360,4.06,29.09,Left,0,1,0,0,1,0,0,1,0,1,0,0,0,0,1,1,0,0,1,0,0
361,15.04,37.02,Stay,5,1,0,0,1,0,1,0,0,0,0,1,0,0,1,1,0,0,0,1,0
362,6.04,31.03,Left,3,1,0,0,1,0,1,0,0,1,0,0,0,0,1,1,0,0,0,1,0
363,2.0,23.02,Stay,7,0,1,0,1,0,0,1,0,1,0,0,0,0,1,1,0,0,1,0,0
364,6.0,30.04,Stay,6,1,1,0,1,0,1,0,0,1,0,0,0,0,1,0,0,1,0,1,0
365,2.06,26.1,Left,5,1,0,0,1,0,1,0,0,1,0,0,0,0,1,1,0,0,1,0,0
366,3.1,26.09,Left,4,1,0,0,1,0,0,1,0,1,0,0,0,0,1,1,0,0,0,1,0
367,2.05,23.07,Stay,4,1,1,0,0,1,0,1,0,1,0,0,0,0,1,1,0,0,0,1,0
368,4.0,26.1,Stay,7,0,1,0,1,0,0,1,0,1,0,0,0,0,1,1,0,0,0,1,0
369,4.0,26.05,Stay,0,0,1,0,1,0,0,1,0,1,0,0,0,0,1,1,0,0,0,1,0
370,8.0,35.07,Stay,7,1,1,1,0,0,1,0,0,0,1,0,0,0,1,1,0,0,0,1,0
371,4.06,24.09,Stay,6,1,0,1,0,0,0,1,0,0,1,0,0,0,1,1,0,0,0,1,0
372,5.0,27.06,Left,6,1,0,0,1,0,0,1,0,0,1,0,0,0,1,1,0,0,1,0,0
373,5.04,31.1,Left,7,1,0,0,1,0,1,0,0,0,1,0,0,0,1,1,0,0,0,1,0
374,10.07,37.06,Stay,5,1,0,0,1,0,1,0,0,0,1,0,0,0,1,1,0,0,1,0,0
375,6.0,28.11,Left,5,1,0,0,1,0,0,1,0,1,0,0,0,0,1,1,0,0,0,1,0
376,4.05,27.08,Stay,6,1,0,0,1,0,0,1,0,1,0,0,0,0,1,1,0,0,1,0,0
377,5.05,28.02,Stay,7,1,0,0,1,0,1,0,0,1,0,0,0,0,1,1,0,0,0,1,0
378,4.11,27.03,Left,6,1,0,0,1,0,0,1,0,1,0,0,0,0,1,1,0,0,0,1,0
379,9.04,31.01,Stay,7,0,1,0,1,0,1,0,0,0,1,0,0,0,1,1,0,0,1,0,0
380,4.09,26.08,Stay,7,1,0,0,1,0,1,0,0,0,1,0,0,0,1,1,0,0,1,0,0
381,5.07,27.07,Left,2,1,0,0,1,0,1,0,0,1,0,0,0,0,1,1,0,0,0,1,0
382,3.06,26.1,Stay,5,1,1,0,1,0,0,1,0,1,0,0,0,0,1,1,0,0,0,1,0
383,5.1,28.02,Left,4,0,1,0,1,0,1,0,0,1,0,0,0,0,1,1,0,0,0,1,0
384,5.1,29.04,Stay,6,1,1,0,0,1,1,0,0,0,1,0,0,0,1,1,0,0,1,0,0
385,7.05,30.02,Stay,6,0,1,0,1,0,0,1,0,0,1,0,0,0,1,1,0,0,0,1,0
386,8.07,37.04,Stay,6,1,0,0,1,0,1,0,0,0,0,1,0,0,1,0,0,1,0,1,0
387,6.07,28.09,Stay,6,0,1,0,1,0,0,1,0,1,0,0,0,0,1,1,0,0,1,0,0
388,2.04,24.05,Left,6,1,0,0,1,0,0,1,0,1,0,0,0,0,1,1,0,0,1,0,0
389,3.11,25.09,Stay,7,0,1,0,1,0,0,1,0,1,0,0,0,0,1,1,0,0,1,0,0
390,6.02,29.07,Stay,5,1,0,0,1,0,1,0,0,0,1,0,0,0,1,1,0,0,1,0,0
391,2.01,25.11,Left,5,1,0,0,1,0,0,1,0,1,0,0,0,0,1,1,0,0,0,1,0
392,6.03,31.07,Stay,5,1,0,0,1,0,1,0,0,0,1,0,0,0,1,1,0,0,0,1,0
393,8.11,31.04,Stay,4,1,0,0,1,0,1,0,0,0,1,0,0,0,1,1,0,0,0,1,0
394,18.05,47.09,Stay,7,1,0,0,1,0,1,0,0,0,0,0,1,0,1,1,0,0,0,1,0
395,4.1,29.02,Stay,6,0,1,0,1,0,0,1,0,1,0,0,0,0,1,1,0,0,0,1,0
396,2.0,24.05,Stay,6,0,1,0,1,0,0,1,0,1,0,0,0,0,1,0,0,1,1,0,0
397,6.04,29.09,Stay,3,1,1,0,1,0,0,1,0,1,0,0,0,0,1,1,0,0,0,1,0
398,4.08,27.08,Stay,4,0,1,0,1,0,0,1,0,1,0,0,0,0,1,1,0,0,0,1,0
399,5.0,29.02,Stay,3,0,1,0,1,0,1,0,0,1,0,0,0,0,1,1,0,0,0,1,0
400,1.05,24.02,Left,2,1,0,0,1,0,0,1,0,1,0,0,0,0,1,1,0,0,1,0,0
401,9.06,32.07,Stay,5,0,1,0,1,0,1,0,0,0,1,0,0,0,1,1,0,0,0,1,0
402,4.01,28.05,Stay,5,1,1,0,1,0,0,1,0,0,1,0,0,0,1,1,0,0,0,1,0
403,3.0,25.09,Stay,4,0,1,0,1,0,0,1,0,1,0,0,0,0,1,1,0,0,0,1,0
404,5.01,26.08,Stay,7,0,1,0,0,1,0,1,0,1,0,0,0,0,1,1,0,0,1,0,0
405,4.03,24.09,Left,7,1,0,0,1,0,0,1,0,1,0,0,0,0,1,0,0,1,0,1,0
406,13.05,37.08,Stay,6,0,1,0,0,1,1,0,0,0,0,1,0,0,1,1,0,0,0,1,0
407,21.06,45.05,Stay,6,1,1,0,1,0,1,0,0,0,0,0,1,0,1,0,0,1,0,1,0
408,5.1,28.06,Stay,6,0,1,0,1,0,0,1,0,1,0,0,0,0,1,1,0,0,0,1,0
409,5.02,31.03,Left,7,1,0,0,1,0,1,0,0,1,0,0,0,0,1,0,0,1,0,1,0
410,4.09,28.05,Stay,6,0,1,0,1,0,0,1,0,1,0,0,0,0,1,1,0,0,1,0,0
411,3.08,30.1,Left,6,1,0,0,1,0,0,1,0,1,0,0,0,0,1,1,0,0,1,0,0
412,6.05,27.03,Left,5,0,0,0,1,0,0,1,0,0,1,0,0,0,1,1,0,0,1,0,0
413,2.04,24.02,Left,6,1,0,0,1,0,0,1,0,1,0,0,0,0,1,1,0,0,0,1,0
414,3.11,26.11,Stay,4,0,1,0,1,0,0,1,0,1,0,0,0,0,1,1,0,0,0,1,0
415,6.05,29.01,Stay,6,0,1,1,0,0,0,1,0,0,1,0,0,0,1,1,0,0,0,1,0
416,9.02,30.07,Stay,1,1,0,0,1,0,1,0,0,0,1,0,0,0,1,1,0,0,0,1,0
417,13.08,37.09,Stay,3,1,0,0,1,0,1,0,0,0,0,0,1,0,1,1,0,0,0,1,0
418,5.11,28.04,Left,5,1,0,0,1,0,0,1,0,1,0,0,0,0,1,1,0,0,0,1,0
419,6.05,30.04,Stay,6,1,1,0,1,0,0,1,0,0,1,0,0,0,1,1,0,0,1,0,0
420,4.04,26.03,Stay,6,1,0,0,1,0,0,1,0,1,0,0,0,0,1,0,0,1,1,0,0
421,5.07,28.0,Stay,7,1,1,0,1,0,0,1,0,1,0,0,0,0,1,1,0,0,0,1,0
422,1.05,23.12,Stay,6,0,1,0,1,0,0,1,0,1,0,0,0,0,1,1,0,0,0,1,0
423,13.1,37.11,Stay,7,1,0,0,1,0,1,0,0,0,0,1,0,0,1,1,0,0,0,1,0
424,6.11,28.05,Left,7,0,0,0,1,0,0,1,0,0,1,0,0,0,1,1,0,0,0,1,0
425,5.02,27.04,Stay,3,1,0,1,0,0,0,1,0,1,0,0,0,0,1,1,0,0,0,1,0
426,5.01,26.07,Stay,4,1,0,0,1,0,1,0,0,1,0,0,0,0,1,1,0,0,1,0,0
427,4.06,31.06,Stay,7,1,0,0,1,0,1,0,0,1,0,0,0,0,1,1,0,0,0,1,0
428,4.06,26.01,Stay,7,1,1,0,1,0,0,1,0,1,0,0,0,0,1,1,0,0,0,1,0
429,4.06,27.06,Left,3,0,0,0,1,0,0,1,0,1,0,0,0,0,1,1,0,0,0,1,0
430,5.1,27.1,Stay,5,0,1,0,1,0,0,1,0,0,1,0,0,0,1,1,0,0,1,0,0
431,5.02,27.07,Left,6,1,0,0,1,0,0,1,0,0,1,0,0,0,1,1,0,0,0,1,0
432,3.0,25.02,Left,6,1,0,0,1,0,0,1,0,1,0,0,0,0,1,1,0,0,1,0,0
433,2.11,25.07,Stay,5,0,1,0,1,0,1,0,0,1,0,0,0,0,1,1,0,0,1,0,0
434,4.08,26.08,Left,5,1,0,0,1,0,0,1,0,1,0,0,0,0,1,1,0,0,0,1,0
435,7.09,33.08,Stay,2,1,1,0,1,0,1,0,0,0,1,0,0,0,1,1,0,0,0,1,0
436,7.08,28.02,Stay,5,1,0,0,1,0,0,1,0,1,0,0,0,0,1,1,0,0,0,1,0
437,3.07,28.01,Left,7,1,0,0,1,0,0,1,0,0,1,0,0,0,1,0,1,0,1,0,0
438,4.1,28.07,Stay,7,0,1,0,1,0,0,1,0,1,0,0,0,0,1,1,0,0,0,1,0
439,1.07,25.11,Stay,6,0,1,0,1,0,0,1,0,0,1,0,0,0,1,1,0,0,0,1,0
440,7.06,34.06,Stay,5,0,1,1,0,0,1,0,0,0,1,0,0,0,1,1,0,0,0,1,0
441,3.08,26.08,Left,1,1,0,0,1,0,0,1,0,1,0,0,0,0,1,1,0,0,0,1,0
442,2.08,25.04,Left,0,0,0,0,1,0,0,1,0,1,0,0,0,0,1,1,0,0,1,0,0
443,11.06,32.0,Stay,6,1,1,0,0,1,1,0,0,0,0,0,1,0,1,0,1,0,0,1,0
444,8.06,31.05,Stay,6,0,1,0,1,0,1,0,0,0,0,1,0,0,1,1,0,0,0,1,0
445,3.02,28.01,Left,7,1,0,0,1,0,0,1,0,1,0,0,0,0,1,1,0,0,0,1,0
446,5.0,28.11,Left,7,1,1,0,1,0,0,1,0,1,0,0,0,0,1,1,0,0,1,0,0
447,5.1,28.03,Stay,5,1,1,0,1,0,1,0,0,0,1,0,0,0,1,1,0,0,0,1,0
448,4.06,28.05,Left,5,1,0,0,1,0,0,1,0,0,1,0,0,0,1,1,0,0,0,1,0
449,8.07,30.11,Stay,5,1,0,0,1,0,1,0,0,0,1,0,0,0,1,1,0,0,0,1,0
450,4.03,29.05,Left,3,1,0,0,1,0,0,1,0,1,0,0,0,0,1,1,0,0,1,0,0
451,3.11,28.03,Stay,7,1,1,0,0,1,1,0,0,0,1,0,0,0,1,1,0,0,0,1,0
452,11.07,38.06,Stay,6,0,1,0,1,0,1,0,0,0,0,1,0,0,1,1,0,0,0,1,0
453,1.08,28.05,Stay,7,1,1,0,1,0,1,0,0,1,0,0,0,0,1,1,0,0,1,0,0
454,6.07,27.06,Stay,6,1,1,0,1,0,0,1,0,0,1,0,0,0,1,1,0,0,0,1,0
455,2.07,25.12,Stay,5,0,1,0,1,0,0,1,0,1,0,0,0,0,1,1,0,0,0,1,0
456,4.06,26.11,Stay,5,1,1,0,0,1,0,1,0,1,0,0,0,0,1,1,0,0,0,1,0
457,9.01,32.06,Stay,6,0,1,0,1,0,1,0,0,0,1,0,0,0,1,1,0,0,0,1,0
458,4.01,28.08,Left,0,0,0,0,1,0,0,1,0,1,0,0,0,0,1,1,0,0,0,1,0
459,6.03,28.03,Stay,6,0,0,0,1,0,0,1,0,0,1,0,0,0,1,1,0,0,0,1,0
460,6.02,28.09,Stay,2,0,0,0,1,0,1,0,0,1,0,0,0,0,1,1,0,0,0,1,0
461,1.07,27.04,Left,6,1,0,0,1,0,0,1,0,0,0,0,1,0,1,0,0,1,0,1,0
462,5.07,27.04,Left,7,1,0,0,1,0,0,1,0,1,0,0,0,0,1,1,0,0,0,1,0
463,11.02,33.08,Stay,5,1,0,0,1,0,1,0,0,0,1,0,0,0,1,1,0,0,1,0,0
464,6.02,41.04,Stay,7,1,1,0,1,0,1,0,0,0,1,0,0,0,1,1,0,0,0,1,0
465,5.03,28.07,Left,7,1,0,0,1,0,0,1,0,1,0,0,0,0,1,1,0,0,0,1,0
466,7.09,32.04,Stay,7,1,0,0,1,0,1,0,0,0,1,0,0,0,1,1,0,0,0,1,0
467,1.07,29.03,Left,2,1,0,0,1,0,0,1,0,1,0,0,0,0,1,1,0,0,0,1,0
468,5.0,26.07,Stay,7,1,0,0,1,0,1,0,0,1,0,0,0,0,1,1,0,0,1,0,0
469,1.07,25.03,Stay,7,0,1,0,1,0,1,0,0,1,0,0,0,0,1,1,0,0,1,0,0
470,7.08,31.09,Stay,3,1,1,0,1,0,1,0,0,0,1,0,0,0,1,1,0,0,0,1,0
471,3.08,26.11,Left,7,1,0,0,1,0,0,1,0,1,0,0,0,0,1,1,0,0,0,1,0
472,7.1,35.06,Stay,7,1,0,0,1,0,1,0,0,0,1,0,0,0,1,1,0,0,0,1,0
473,1.08,23.1,Left,5,1,0,0,1,0,0,1,0,1,0,0,0,0,1,1,0,0,1,0,0
474,6.09,35.11,Stay,4,1,0,0,1,0,1,0,0,1,0,0,0,0,1,1,0,0,0,1,0
475,2.11,26.12,Left,6,1,0,0,1,0,1,0,0,1,0,0,0,0,1,0,0,1,1,0,0
476,4.08,30.05,Stay,2,1,1,0,1,0,0,1,0,1,0,0,0,0,1,1,0,0,0,1,0
477,7.11,29.06,Stay,2,1,1,0,1,0,0,1,0,0,1,0,0,0,1,1,0,0,0,1,0
478,6.11,27.08,Stay,2,1,1,0,1,0,0,1,0,1,0,0,0,0,1,1,0,0,0,1,0
479,7.03,30.11,Stay,6,1,0,0,1,0,1,0,0,0,1,0,0,0,1,1,0,0,0,1,0
480,1.08,24.01,Left,6,1,0,0,1,0,1,0,0,0,0,0,1,0,1,0,0,1,1,0,0
481,6.08,28.03,Stay,1,1,0,0,1,0,0,1,0,1,0,0,0,0,1,0,0,1,0,1,0
482,5.04,35.08,Stay,5,1,0,1,0,0,1,0,0,0,1,0,0,0,1,1,0,0,0,1,0
483,11.08,38.07,Stay,4,1,1,0,0,1,1,0,0,0,0,1,0,0,1,1,0,0,0,1,0
484,5.01,29.05,Stay,6,1,1,0,1,0,1,0,0,1,0,0,0,0,1,0,0,1,0,1,0
485,2.08,25.11,Left,3,1,0,0,1,0,0,1,0,1,0,0,0,0,1,1,0,0,1,0,0
486,3.08,26.1,Stay,6,0,1,0,1,0,0,1,0,1,0,0,0,0,1,1,0,0,0,1,0
487,2.1,25.09,Stay,5,1,1,0,1,0,0,1,0,1,0,0,0,0,1,1,0,0,1,0,0
488,3.1,27.07,Left,4,1,0,0,1,0,0,1,0,1,0,0,0,0,1,1,0,0,0,1,0
489,1.09,24.05,Left,6,1,0,0,1,0,0,1,0,1,0,0,0,0,1,1,0,0,1,0,0
490,4.09,25.1,Stay,5,1,1,0,1,0,0,1,0,1,0,0,0,0,1,1,0,0,0,1,0
491,5.03,27.05,Stay,7,0,1,0,1,0,0,1,0,1,0,0,0,0,1,1,0,0,1,0,0
492,6.11,27.05,Stay,5,0,0,0,0,1,1,0,0,1,0,0,0,0,1,1,0,0,1,0,0
493,2.1,25.02,Stay,5,0,1,0,1,0,0,1,0,1,0,0,0,0,1,1,0,0,1,0,0
494,6.04,30.03,Stay,7,0,1,0,1,0,0,1,0,1,0,0,0,0,1,1,0,0,0,1,0
495,8.02,33.08,Stay,6,1,1,0,1,0,1,0,0,0,1,0,0,0,1,1,0,0,0,1,0
496,6.02,29.11,Stay,5,1,0,0,1,0,0,1,0,0,1,0,0,0,1,1,0,0,1,0,0
497,5.09,28.03,Left,5,1,0,1,0,0,1,0,0,1,0,0,0,0,1,1,0,0,0,1,0
498,3.04,27.06,Left,7,1,0,0,1,0,0,1,0,1,0,0,0,0,1,0,0,1,0,1,0
499,5.11,29.08,Left,7,1,0,0,1,0,0,1,0,1,0,0,0,0,1,1,0,0,0,1,0
500,4.05,33.07,Stay,3,1,1,0,1,0,1,0,0,1,0,0,0,0,1,1,0,0,0,1,0
501,7.0,30.11,Stay,7,1,1,0,1,0,0,1,0,1,0,0,0,0,1,1,0,0,0,1,0
502,7.11,35.04,Stay,6,1,1,0,1,0,1,0,0,1,0,0,0,0,1,1,0,0,0,1,0
503,11.09,36.07,Stay,5,0,1,1,0,0,1,0,0,0,1,0,0,0,1,1,0,0,0,1,0
504,3.08,26.06,Left,7,1,0,0,1,0,0,1,0,1,0,0,0,0,1,1,0,0,0,1,0
505,11.1,43.1,Stay,5,1,0,1,0,0,1,0,0,0,0,1,0,0,1,1,0,0,0,1,0
506,1.1,23.06,Left,7,1,0,0,1,0,0,1,0,1,0,0,0,0,1,1,0,0,1,0,0
507,3.02,28.02,Stay,6,1,1,0,1,0,0,1,0,1,0,0,0,0,1,1,0,0,0,1,0
508,1.1,23.08,Stay,5,0,1,0,1,0,0,1,0,1,0,0,0,0,1,1,0,0,0,1,0
509,3.03,26.07,Stay,7,0,1,0,1,0,0,1,0,0,1,0,0,0,1,1,0,0,0,1,0
510,3.0,24.12,Stay,6,0,1,0,1,0,0,1,0,1,0,0,0,0,1,1,0,0,0,1,0
511,5.09,27.07,Stay,6,0,1,0,1,0,0,1,0,0,1,0,0,0,1,1,0,0,0,1,0
512,5.01,27.07,Left,7,1,1,0,1,0,0,1,0,1,0,0,0,0,1,1,0,0,0,1,0
513,5.06,29.03,Stay,4,1,1,0,1,0,1,0,0,1,0,0,0,0,1,1,0,0,0,1,0
514,21.05,46.05,Stay,3,1,1,0,1,0,1,0,0,0,0,0,1,0,1,1,0,0,0,1,0
515,5.02,26.08,Left,5,1,0,0,1,0,0,1,0,1,0,0,0,0,1,1,0,0,0,1,0
516,5.1,27.12,Left,6,1,0,0,1,0,0,1,0,1,0,0,0,0,1,1,0,0,0,1,0
517,6.0,26.06,Stay,5,1,0,0,1,0,0,1,0,0,1,0,0,0,1,1,0,0,0,1,0
518,2.0,29.02,Left,5,1,0,0,1,0,1,0,0,1,0,0,0,0,1,1,0,0,1,0,0
519,4.0,36.09,Stay,5,1,1,0,1,0,1,0,0,1,0,0,0,0,1,1,0,0,1,0,0
520,4.11,28.03,Left,7,1,0,0,1,0,1,0,0,0,1,0,0,0,1,1,0,0,1,0,0
521,9.1,32.07,Stay,7,1,1,0,1,0,0,1,0,0,0,1,0,0,1,1,0,0,0,1,0
522,4.02,26.08,Stay,5,1,0,0,0,1,1,0,0,1,0,0,0,0,1,1,0,0,1,0,0
523,7.03,31.0,Stay,0,1,0,0,1,0,1,0,0,0,1,0,0,0,1,1,0,0,1,0,0
524,11.03,44.04,Stay,1,0,1,0,1,0,1,0,0,0,1,0,0,0,1,1,0,0,0,1,0
525,2.0,24.04,Left,5,1,0,0,1,0,0,1,0,1,0,0,0,0,1,1,0,0,0,1,0
526,2.0,26.03,Left,4,1,0,0,1,0,0,1,0,1,0,0,0,0,1,1,0,0,0,1,0
527,2.0,30.06,Stay,5,1,0,0,1,0,0,1,0,1,0,0,0,0,1,1,0,0,1,0,0
528,9.08,31.05,Stay,4,0,1,1,0,0,1,0,0,0,1,0,0,0,1,1,0,0,1,0,0
529,5.07,29.1,Stay,7,1,1,0,1,0,0,1,0,1,0,0,0,0,1,1,0,0,0,1,0
530,4.02,28.03,Stay,4,0,1,0,1,0,0,1,0,1,0,0,0,0,1,1,0,0,0,1,0
531,5.06,27.07,Left,7,1,0,0,1,0,0,1,0,1,0,0,0,0,1,1,0,0,0,1,0
532,9.04,31.03,Stay,6,0,1,0,1,0,1,0,0,0,0,0,1,0,1,1,0,0,1,0,0
533,8.03,31.05,Stay,6,1,1,0,0,1,1,0,0,0,1,0,0,0,1,1,0,0,0,1,0
534,9.0,30.11,Stay,5,1,1,1,0,0,1,0,0,0,1,0,0,0,1,1,0,0,0,1,0
535,5.02,26.06,Left,5,1,0,0,1,0,0,1,0,1,0,0,0,0,1,1,0,0,0,1,0
536,3.07,30.06,Left,3,1,0,0,1,0,0,1,0,1,0,0,0,0,1,1,0,0,0,1,0
537,2.0,27.03,Stay,6,1,1,0,1,0,0,1,0,1,0,0,0,0,1,1,0,0,1,0,0
538,2.0,24.05,Stay,7,1,1,0,1,0,1,0,0,1,0,0,0,0,1,1,0,0,1,0,0
539,2.01,24.09,Stay,5,1,1,0,1,0,0,1,0,1,0,0,0,0,1,1,0,0,0,1,0
540,1.11,25.11,Stay,6,0,1,0,1,0,0,1,0,1,0,0,0,0,1,1,0,0,0,1,0
541,4.02,28.06,Left,3,0,0,0,0,1,0,1,0,1,0,0,0,0,1,1,0,0,0,1,0
542,5.08,28.02,Left,7,1,0,0,1,0,0,1,0,1,0,0,0,0,1,1,0,0,0,1,0
543,3.05,25.05,Stay,3,0,1,0,0,1,0,1,0,1,0,0,0,0,1,1,0,0,0,1,0
544,12.02,36.1,Stay,4,0,1,0,1,0,1,0,0,0,1,0,0,0,1,1,0,0,0,1,0
545,3.04,27.02,Stay,6,1,1,0,1,0,0,1,0,1,0,0,0,0,1,1,0,0,1,0,0
546,8.0,30.1,Stay,5,0,1,0,1,0,0,1,0,0,1,0,0,0,1,1,0,0,0,1,0
547,2.0,25.1,Left,6,1,0,0,1,0,0,1,0,1,0,0,0,0,1,1,0,0,0,1,0
548,2.01,28.01,Stay,6,0,1,0,1,0,0,1,0,1,0,0,0,0,1,1,0,0,0,1,0
549,2.02,24.11,Stay,5,0,1,0,1,0,0,1,0,1,0,0,0,0,1,1,0,0,0,1,0
550,2.02,24.07,Left,4,1,0,0,1,0,0,1,0,1,0,0,0,0,1,1,0,0,0,1,0
551,2.01,25.07,Stay,4,0,1,0,1,0,0,1,0,1,0,0,0,0,1,1,0,0,0,1,0
552,6.08,31.0,Stay,6,1,0,0,1,0,1,0,0,1,0,0,0,0,1,1,0,0,0,1,0
553,8.03,32.11,Stay,6,0,1,0,1,0,1,0,0,0,1,0,0,0,1,1,0,0,0,1,0
554,9.0,30.06,Stay,5,1,0,0,1,0,0,1,0,0,1,0,0,0,1,1,0,0,0,1,0
555,2.02,25.03,Stay,5,0,1,0,1,0,0,1,0,1,0,0,0,0,1,1,0,0,0,1,0
556,2.02,28.07,Stay,6,1,0,0,1,0,1,0,0,1,0,0,0,0,1,1,0,0,0,1,0
557,2.01,26.02,Left,7,0,0,0,1,0,0,1,0,1,0,0,0,0,1,1,0,0,0,1,0
558,2.02,26.06,Stay,7,1,0,0,1,0,1,0,0,1,0,0,0,0,1,1,0,0,1,0,0
559,2.02,27.09,Stay,7,0,1,0,1,0,0,1,0,1,0,0,0,0,1,1,0,0,0,1,0
560,9.05,35.02,Stay,7,0,0,0,0,1,0,1,0,0,1,0,0,0,1,1,0,0,1,0,0
561,3.04,25.11,Left,7,1,0,0,1,0,0,1,0,1,0,0,0,0,1,1,0,0,0,1,0
562,2.0,27.05,Stay,7,1,1,0,1,0,0,1,0,1,0,0,0,0,1,1,0,0,0,1,0
563,2.0,23.07,Stay,7,1,1,0,1,0,0,1,0,1,0,0,0,0,1,1,0,0,0,1,0
564,7.0,32.1,Stay,7,1,1,0,1,0,1,0,0,0,0,1,0,0,1,1,0,0,0,1,0
565,5.02,26.07,Left,2,1,0,0,1,0,0,1,0,1,0,0,0,0,1,1,0,0,0,1,0
566,10.0,31.12,Stay,2,1,1,0,1,0,1,0,0,0,1,0,0,0,1,1,0,0,0,1,0
567,6.0,29.05,Stay,5,0,1,0,1,0,0,1,0,1,0,0,0,0,1,1,0,0,0,1,0
568,6.01,29.1,Stay,6,1,1,0,0,1,0,1,0,0,1,0,0,0,1,1,0,0,1,0,0
569,3.0,28.06,Stay,6,0,1,0,1,0,0,1,0,1,0,0,0,0,1,1,0,0,0,1,0
570,7.03,31.07,Stay,5,1,1,1,0,0,0,1,0,0,1,0,0,0,1,1,0,0,0,1,0
571,2.08,25.07,Left,5,1,0,0,1,0,0,1,0,1,0,0,0,0,1,1,0,0,0,1,0
572,4.07,29.1,Left,4,1,0,0,1,0,0,1,0,0,1,0,0,0,1,0,0,1,0,1,0
573,9.09,32.1,Stay,3,1,0,0,1,0,0,1,0,0,1,0,0,0,1,1,0,0,0,1,0
574,24.01,52.06,Stay,5,0,1,0,1,0,1,0,0,0,1,0,0,0,1,1,0,0,0,1,0
575,7.01,37.05,Stay,7,0,1,0,1,0,1,0,0,1,0,0,0,0,1,1,0,0,1,0,0
576,6.01,28.07,Stay,6,1,0,0,1,0,1,0,0,0,1,0,0,0,1,0,1,0,1,0,0
577,9.07,32.07,Stay,7,1,0,0,1,0,0,1,0,0,1,0,0,0,1,1,0,0,0,1,0
578,2.04,27.06,Stay,5,0,1,0,1,0,0,1,0,1,0,0,0,0,1,1,0,0,0,1,0
579,2.02,24.09,Stay,7,1,1,0,1,0,0,1,0,1,0,0,0,0,1,1,0,0,1,0,0
580,2.02,24.06,Stay,4,1,1,0,1,0,0,1,0,1,0,0,0,0,1,1,0,0,0,1,0
581,2.04,25.09,Stay,3,1,1,0,1,0,0,1,0,1,0,0,0,0,1,1,0,0,0,1,0
582,2.03,25.02,Stay,6,1,1,0,1,0,1,0,0,1,0,0,0,0,1,1,0,0,0,1,0
583,2.02,26.04,Stay,6,0,1,0,1,0,0,1,0,1,0,0,0,0,1,1,0,0,1,0,0
584,2.04,27.02,Stay,3,0,1,0,1,0,0,1,0,1,0,0,0,0,1,1,0,0,0,1,0
585,3.05,26.1,Left,6,0,0,1,0,0,0,1,0,1,0,0,0,0,1,1,0,0,1,0,0
586,8.1,39.04,Stay,1,1,1,0,1,0,1,0,0,0,1,0,0,0,1,1,0,0,0,1,0
587,2.02,24.12,Stay,6,0,1,0,1,0,0,1,0,1,0,0,0,0,1,1,0,0,0,1,0
588,10.01,33.08,Stay,7,1,1,0,1,0,1,0,0,0,0,1,0,0,1,1,0,0,0,1,0
589,2.08,24.05,Stay,7,0,1,0,1,0,0,1,0,1,0,0,0,0,1,1,0,0,0,1,0
590,6.03,28.01,Stay,1,1,1,0,0,1,0,1,0,1,0,0,0,0,1,1,0,0,0,1,0
591,2.01,27.05,Left,5,1,0,0,1,0,0,1,0,1,0,0,0,0,1,1,0,0,0,1,0
592,2.02,25.04,Stay,6,1,0,0,1,0,0,1,0,1,0,0,0,0,1,1,0,0,1,0,0
593,6.07,30.11,Stay,7,1,0,0,1,0,0,1,0,1,0,0,0,0,1,1,0,0,0,1,0
594,5.01,29.09,Stay,5,1,1,0,1,0,0,1,0,1,0,0,0,0,1,1,0,0,0,1,0
595,2.02,27.01,Stay,7,1,1,0,1,0,0,1,0,1,0,0,0,0,1,1,0,0,0,1,0
596,2.02,26.11,Stay,6,1,1,0,1,0,1,0,0,1,0,0,0,0,1,1,0,0,1,0,0
597,2.03,29.07,Stay,7,1,1,0,1,0,1,0,0,1,0,0,0,0,1,1,0,0,0,1,0
598,2.02,26.04,Left,7,1,0,0,1,0,0,1,0,1,0,0,0,0,1,1,0,0,1,0,0
599,10.01,34.05,Stay,5,1,0,0,1,0,1,0,0,0,1,0,0,0,1,1,0,0,1,0,0
600,9.01,37.02,Stay,6,1,1,0,0,1,1,0,0,0,1,0,0,0,1,1,0,0,0,1,0
601,5.1,31.02,Left,7,1,0,0,0,1,0,1,0,1,0,0,0,0,1,1,0,0,0,1,0
602,2.02,27.0,Stay,6,1,0,0,1,0,0,1,0,0,1,0,0,0,1,0,0,1,1,0,0
603,8.01,28.06,Stay,6,0,1,0,0,1,1,0,0,0,1,0,0,0,1,1,0,0,0,1,0
604,2.03,24.06,Left,7,1,0,0,1,0,0,1,0,1,0,0,0,0,1,1,0,0,0,1,0
605,2.03,26.03,Left,7,0,0,0,1,0,1,0,0,1,0,0,0,0,1,1,0,0,0,1,0
606,2.03,24.04,Stay,7,1,1,0,1,0,0,1,0,1,0,0,0,0,1,1,0,0,0,1,0
607,2.03,24.12,Stay,7,1,1,0,1,0,0,1,0,1,0,0,0,0,1,1,0,0,0,1,0
608,2.03,25.03,Left,5,1,0,0,1,0,0,1,0,1,0,0,0,0,1,1,0,0,1,0,0
609,2.03,29.09,Stay,5,0,1,0,1,0,1,0,0,1,0,0,0,0,1,1,0,0,0,1,0
610,2.02,23.11,Stay,3,1,1,0,1,0,0,1,0,1,0,0,0,0,1,1,0,0,1,0,0
611,7.04,30.01,Stay,7,1,0,0,0,1,0,1,0,0,1,0,0,0,1,1,0,0,0,1,0
612,6.07,30.12,Stay,7,0,1,0,0,1,1,0,0,1,0,0,0,0,1,1,0,0,0,1,0
613,2.02,27.1,Left,6,1,0,0,1,0,0,1,0,1,0,0,0,0,1,1,0,0,0,1,0
614,2.02,25.1,Left,6,1,0,0,1,0,1,0,0,0,0,0,1,0,1,1,0,0,1,0,0
615,2.02,24.01,Stay,7,0,1,0,1,0,0,1,0,1,0,0,0,0,1,1,0,0,1,0,0
616,2.02,27.09,Stay,7,0,1,0,1,0,1,0,0,0,0,0,1,0,1,1,0,0,1,0,0
617,4.1,27.07,Left,7,1,0,0,1,0,1,0,0,1,0,0,0,0,1,1,0,0,0,1,0
618,12.02,36.0,Stay,6,1,0,0,1,0,1,0,0,0,1,0,0,0,1,0,0,1,0,1,0
619,4.11,28.09,Left,3,1,0,0,1,0,0,1,0,1,0,0,0,0,1,1,0,0,0,1,0
620,4.03,26.07,Stay,6,0,1,0,0,1,1,0,0,1,0,0,0,0,1,1,0,0,0,1,0
621,4.09,27.06,Stay,7,1,1,0,1,0,0,1,0,1,0,0,0,0,1,1,0,0,1,0,0
622,3.06,25.02,Left,6,0,0,0,1,0,0,1,0,1,0,0,0,0,1,1,0,0,0,1,0
623,8.02,37.05,Stay,5,0,1,0,1,0,1,0,0,0,0,1,0,0,1,1,0,0,0,1,0
624,2.03,25.1,Stay,7,0,1,0,1,0,0,1,0,1,0,0,0,0,1,1,0,0,0,1,0
625,2.04,26.04,Left,5,0,0,0,1,0,0,1,0,1,0,0,0,0,1,1,0,0,0,1,0
626,2.04,27.1,Left,4,0,0,0,1,0,0,1,0,1,0,0,0,0,1,1,0,0,0,1,0
627,2.04,27.01,Left,6,1,0,0,1,0,1,0,0,1,0,0,0,0,1,1,0,0,1,0,0
628,2.05,28.01,Stay,6,0,1,0,1,0,0,1,0,1,0,0,0,0,1,1,0,0,0,1,0
629,2.03,24.09,Left,7,1,0,0,1,0,0,1,0,1,0,0,0,0,1,1,0,0,0,1,0
630,2.03,26.0,Stay,7,1,1,0,1,0,0,1,0,1,0,0,0,0,1,1,0,0,0,1,0
631,11.02,40.08,Stay,3,0,1,0,1,0,1,0,0,0,0,1,0,0,1,1,0,0,0,1,0
632,6.05,30.03,Stay,6,0,1,0,1,0,1,0,0,1,0,0,0,0,1,0,0,1,0,1,0
633,6.05,30.03,Left,6,0,0,0,1,0,1,0,0,1,0,0,0,0,1,1,0,0,1,0,0
634,6.11,29.06,Stay,1,0,1,0,0,1,1,0,0,0,1,0,0,0,1,1,0,0,0,1,0
635,4.02,25.06,Stay,5,0,1,0,1,0,0,1,0,1,0,0,0,0,1,1,0,0,1,0,0
636,6.04,29.04,Left,7,0,0,0,1,0,1,0,0,0,1,0,0,0,1,1,0,0,0,1,0
637,11.03,39.01,Stay,6,0,1,0,0,1,0,0,1,0,0,1,0,0,1,1,0,0,0,1,0
638,5.1,34.07,Left,6,0,1,0,1,0,0,1,0,0,1,0,0,0,1,1,0,0,0,1,0
639,6.05,27.06,Stay,7,0,0,0,1,0,1,0,0,1,0,0,0,0,1,1,0,0,0,1,0
640,5.09,30.09,Stay,7,1,1,0,1,0,1,0,0,1,0,0,0,0,1,1,0,0,0,1,0
641,7.03,29.07,Stay,7,0,1,0,1,0,1,0,0,0,1,0,0,0,1,1,0,0,1,0,0
642,4.07,27.04,Stay,7,0,1,0,1,0,0,1,0,1,0,0,0,0,1,1,0,0,1,0,0
643,2.03,24.07,Left,7,0,0,0,1,0,0,1,0,1,0,0,0,0,1,1,0,0,0,1,0
644,5.03,28.1,Left,5,1,0,0,0,1,0,1,0,1,0,0,0,0,1,1,0,0,0,1,0
645,7.05,31.03,Stay,7,1,1,0,1,0,1,0,0,0,1,0,0,0,1,1,0,0,0,1,0
646,5.1,29.07,Stay,5,0,1,0,0,1,1,0,0,1,0,0,0,0,1,1,0,0,1,0,0
647,8.0,31.1,Stay,5,1,1,0,1,0,0,1,0,0,1,0,0,0,1,1,0,0,0,1,0
648,3.11,28.1,Stay,2,0,1,0,1,0,0,1,0,1,0,0,0,0,1,1,0,0,1,0,0
649,9.0,35.02,Stay,4,0,1,0,1,0,1,0,0,0,1,0,0,0,1,1,0,0,1,0,0
650,2.04,24.1,Stay,7,0,1,0,1,0,0,1,0,1,0,0,0,0,1,1,0,0,0,1,0
651,2.04,24.06,Stay,7,0,1,0,1,0,0,1,0,1,0,0,0,0,1,1,0,0,1,0,0
652,2.06,27.06,Stay,4,1,1,0,1,0,0,1,0,1,0,0,0,0,1,1,0,0,0,1,0
653,2.05,24.03,Left,7,0,0,0,1,0,0,1,0,1,0,0,0,0,1,1,0,0,0,1,0
654,2.06,25.08,Stay,7,1,1,0,1,0,0,1,0,1,0,0,0,0,1,1,0,0,0,1,0
655,2.05,25.05,Stay,7,1,1,0,1,0,0,1,0,1,0,0,0,0,1,1,0,0,0,1,0
656,11.03,31.07,Left,7,0,0,0,1,0,0,1,0,0,0,1,0,0,1,1,0,0,0,1,0
657,5.08,29.1,Left,2,1,0,0,1,0,0,1,0,1,0,0,0,0,1,1,0,0,0,1,0
658,6.11,31.02,Stay,0,0,1,0,0,1,1,0,0,1,0,0,0,0,1,1,0,0,0,1,0
659,4.05,25.08,Left,7,0,0,0,1,0,0,1,0,1,0,0,0,0,1,1,0,0,1,0,0
660,4.09,28.04,Stay,0,0,1,0,1,0,0,1,0,1,0,0,0,0,1,1,0,0,0,1,0
661,6.04,31.08,Stay,7,0,1,0,1,0,0,1,0,1,0,0,0,0,1,1,0,0,0,1,0
662,8.04,34.11,Stay,7,0,1,0,1,0,1,0,0,0,1,0,0,0,1,1,0,0,1,0,0
663,2.11,26.08,Left,6,0,0,0,1,0,0,1,0,1,0,0,0,0,1,1,0,0,0,1,0
664,8.11,30.07,Stay,4,1,0,0,1,0,1,0,0,0,1,0,0,0,1,1,0,0,0,1,0
665,5.06,25.05,Stay,3,0,1,0,0,1,0,1,0,1,0,0,0,0,1,1,0,0,0,1,0
666,2.04,27.01,Stay,6,0,1,0,1,0,0,1,0,0,1,0,0,0,1,0,0,1,0,1,0
667,4.05,26.07,Left,6,1,0,0,1,0,0,1,0,0,1,0,0,0,1,1,0,0,0,1,0
668,7.05,33.03,Stay,7,1,1,0,1,0,1,0,0,0,1,0,0,0,1,1,0,0,1,0,0
669,2.04,24.01,Stay,6,1,1,0,1,0,0,1,0,1,0,0,0,0,1,1,0,0,1,0,0
670,2.04,24.02,Stay,7,1,1,0,1,0,0,1,0,1,0,0,0,0,1,1,0,0,1,0,0
671,2.04,24.02,Left,7,1,0,0,1,0,0,1,0,1,0,0,0,0,1,1,0,0,1,0,0
672,2.05,26.06,Left,6,1,0,0,1,0,0,1,0,1,0,0,0,0,1,1,0,0,0,1,0
673,4.1,29.07,Left,5,1,0,0,1,0,0,1,0,1,0,0,0,0,1,1,0,0,0,1,0
674,8.08,34.06,Stay,5,1,0,0,1,0,1,0,0,0,1,0,0,0,1,1,0,0,0,1,0
675,2.07,27.07,Stay,6,0,1,0,1,0,0,1,0,1,0,0,0,0,1,1,0,0,0,1,0
676,2.07,24.06,Left,7,1,0,0,1,0,0,1,0,1,0,0,0,0,1,1,0,0,0,1,0
677,2.06,25.03,Stay,6,0,1,0,1,0,0,1,0,1,0,0,0,0,1,1,0,0,0,1,0
678,2.06,25.06,Stay,6,0,1,0,1,0,0,1,0,1,0,0,0,0,1,1,0,0,0,1,0
679,6.07,29.06,Stay,7,0,1,0,1,0,1,0,0,1,0,0,0,0,1,1,0,0,0,1,0
680,2.04,24.01,Stay,6,1,1,0,1,0,0,1,0,1,0,0,0,0,1,1,0,0,1,0,0
681,8.08,37.06,Stay,5,0,1,0,0,1,1,0,0,0,0,1,0,0,1,1,0,0,0,1,0
682,7.1,29.1,Left,6,0,0,1,0,0,1,0,0,0,1,0,0,0,1,1,0,0,0,1,0
683,5.05,32.1,Stay,5,1,0,1,0,0,0,1,0,0,1,0,0,0,1,1,0,0,0,1,0
684,2.05,25.1,Stay,5,0,1,0,1,0,0,1,0,1,0,0,0,0,1,1,0,0,0,1,0
685,4.09,26.06,Left,5,0,0,0,1,0,0,1,0,1,0,0,0,0,1,1,0,0,1,0,0
686,2.05,25.01,Left,6,0,0,0,1,0,0,1,0,1,0,0,0,0,1,1,0,0,1,0,0
687,9.05,31.07,Stay,2,0,1,0,1,0,1,0,0,0,1,0,0,0,1,1,0,0,0,1,0
688,4.1,30.06,Stay,6,0,1,0,1,0,1,0,0,0,1,0,0,0,1,1,0,0,1,0,0
689,6.01,29.02,Stay,2,0,1,0,1,0,0,1,0,1,0,0,0,0,1,1,0,0,0,1,0
690,6.05,29.09,Left,7,0,0,0,0,1,0,1,0,1,0,0,0,0,1,1,0,0,0,1,0
691,5.06,29.0,Left,7,0,1,0,1,0,0,1,0,1,0,0,0,0,1,1,0,0,0,1,0
692,5.06,32.04,Left,7,0,0,0,0,1,1,0,0,0,1,0,0,0,1,1,0,0,0,1,0
693,2.05,30.06,Stay,5,0,1,0,1,0,1,0,0,1,0,0,0,0,1,1,0,0,0,1,0
694,2.07,25.03,Stay,7,0,1,0,1,0,0,1,0,1,0,0,0,0,1,1,0,0,0,1,0
695,2.07,26.03,Stay,7,0,1,0,1,0,0,1,0,1,0,0,0,0,1,1,0,0,0,1,0
696,2.07,25.1,Stay,6,0,1,0,1,0,0,1,0,1,0,0,0,0,1,1,0,0,0,1,0
697,2.07,25.1,Stay,6,1,1,0,1,0,0,1,0,1,0,0,0,0,1,1,0,0,0,1,0
698,2.08,25.01,Left,6,1,0,0,1,0,0,1,0,1,0,0,0,0,1,1,0,0,0,1,0
699,2.07,25.02,Left,7,1,0,0,1,0,0,1,0,1,0,0,0,0,1,1,0,0,0,1,0
700,2.09,24.09,Stay,7,1,1,0,1,0,0,1,0,1,0,0,0,0,1,1,0,0,0,1,0
701,2.07,24.08,Left,7,0,0,0,1,0,0,1,0,1,0,0,0,0,1,1,0,0,0,1,0
702,3.0,27.06,Stay,7,0,1,0,1,0,0,1,0,1,0,0,0,0,1,1,0,0,0,1,0
703,2.06,25.03,Stay,6,0,1,0,1,0,0,1,0,1,0,0,0,0,1,1,0,0,0,1,0
704,9.05,36.11,Stay,6,0,1,0,1,0,1,0,0,0,1,0,0,0,1,1,0,0,0,1,0
705,4.1,26.08,Stay,7,0,1,1,0,0,0,1,0,1,0,0,0,0,1,1,0,0,0,1,0
706,23.06,47.0,Stay,6,1,1,0,1,0,1,0,0,0,0,0,1,0,1,0,1,0,0,1,0
707,12.02,33.11,Left,5,0,1,0,1,0,1,0,0,0,0,1,0,0,1,1,0,0,0,1,0
708,2.06,26.04,Left,7,0,0,0,1,0,0,1,0,1,0,0,0,0,1,1,0,0,0,1,0
709,4.06,32.0,Left,6,0,0,0,1,0,0,1,0,0,0,1,0,0,1,0,1,0,0,1,0
710,3.02,27.09,Left,7,0,0,0,1,0,0,1,0,1,0,0,0,0,1,1,0,0,0,1,0
711,7.01,31.04,Stay,7,0,1,0,1,0,1,0,0,0,1,0,0,0,1,1,0,0,0,1,0
712,6.05,32.08,Stay,5,0,1,0,1,0,1,0,0,0,1,0,0,0,1,1,0,0,1,0,0
713,8.11,31.07,Left,7,0,0,1,0,0,1,0,0,0,1,0,0,0,1,1,0,0,0,1,0
714,4.02,25.1,Stay,7,0,1,0,1,0,0,1,0,1,0,0,0,0,1,1,0,0,0,1,0
715,4.1,26.07,Left,5,0,0,0,1,0,0,1,0,1,0,0,0,0,1,1,0,0,0,1,0
716,12.06,33.05,Stay,6,0,1,0,0,1,0,1,0,0,0,1,0,0,1,1,0,0,0,1,0
717,7.0,35.08,Stay,1,0,1,0,1,0,0,1,0,0,1,0,0,0,1,1,0,0,0,1,0
718,7.11,29.03,Stay,6,1,1,0,0,1,1,0,0,1,0,0,0,0,1,1,0,0,0,1,0
719,6.08,27.07,Stay,7,1,0,0,1,0,1,0,0,1,0,0,0,0,1,0,0,1,1,0,0
720,2.08,26.04,Left,5,1,0,0,1,0,0,1,0,1,0,0,0,0,1,1,0,0,1,0,0
721,2.07,26.08,Left,6,1,0,0,1,0,0,1,0,1,0,0,0,0,1,1,0,0,0,1,0
722,2.07,27.03,Left,6,1,0,0,1,0,0,1,0,1,0,0,0,0,1,1,0,0,0,1,0
723,2.09,26.1,Left,5,1,0,0,1,0,0,1,0,1,0,0,0,0,1,1,0,0,0,1,0
724,2.07,25.09,Stay,5,1,1,0,1,0,0,1,0,1,0,0,0,0,1,1,0,0,0,1,0
725,9.01,33.04,Stay,5,1,0,1,0,0,1,0,0,0,1,0,0,0,1,1,0,0,0,1,0
726,2.09,26.09,Left,7,1,0,0,1,0,1,0,0,1,0,0,0,0,1,1,0,0,0,1,0
727,2.08,24.1,Stay,5,1,1,0,1,0,0,1,0,1,0,0,0,0,1,1,0,0,0,1,0
728,2.08,30.08,Stay,7,1,1,0,1,0,1,0,0,1,0,0,0,0,1,1,0,0,0,1,0
729,3.02,25.05,Left,5,1,0,0,1,0,0,1,0,1,0,0,0,0,1,1,0,0,1,0,0
730,11.07,39.07,Stay,4,0,1,0,0,1,1,0,0,0,1,0,0,0,1,1,0,0,0,1,0
731,8.08,31.07,Left,5,0,0,1,0,0,1,0,0,0,1,0,0,0,1,1,0,0,0,1,0
732,3.06,27.01,Left,5,1,0,0,1,0,0,1,0,0,1,0,0,0,1,1,0,0,1,0,0
733,7.06,34.12,Stay,2,0,1,0,1,0,1,0,0,0,1,0,0,0,1,1,0,0,0,1,0
734,8.08,33.09,Left,7,1,0,0,1,0,1,0,0,0,1,0,0,0,1,1,0,0,0,1,0
735,11.07,35.04,Left,3,1,0,1,0,0,1,0,0,0,1,0,0,0,1,1,0,0,0,1,0
736,5.09,28.03,Stay,6,1,1,0,1,0,0,1,0,1,0,0,0,0,1,0,0,1,1,0,0
737,9.07,35.06,Stay,6,1,1,0,1,0,1,0,0,0,1,0,0,0,1,0,1,0,0,1,0
738,2.07,28.06,Stay,2,1,1,0,1,0,1,0,0,1,0,0,0,0,1,1,0,0,1,0,0
739,5.09,29.06,Stay,7,1,1,0,1,0,0,1,0,1,0,0,0,0,1,1,0,0,0,1,0
740,5.04,30.06,Stay,7,1,1,1,0,0,0,1,0,1,0,0,0,0,1,1,0,0,0,1,0
741,13.11,38.12,Stay,5,1,1,0,0,1,1,0,0,0,1,0,0,0,1,1,0,0,0,1,0
742,8.08,32.02,Stay,5,1,0,0,0,1,0,1,0,1,0,0,0,0,1,1,0,0,0,1,0
743,6.11,29.07,Stay,5,0,1,0,1,0,1,0,0,0,1,0,0,0,1,1,0,0,0,1,0
744,11.01,36.07,Left,5,0,0,0,1,0,1,0,0,0,1,0,0,0,1,1,0,0,0,1,0
745,6.1,30.05,Left,7,1,0,0,1,0,0,1,0,1,0,0,0,0,1,1,0,0,1,0,0
746,12.08,35.0,Left,7,1,0,0,0,1,1,0,0,0,1,0,0,0,1,1,0,0,1,0,0
747,7.11,31.07,Left,7,1,0,1,0,0,1,0,0,1,0,0,0,0,1,1,0,0,0,1,0
748,2.08,25.11,Stay,6,0,1,0,1,0,0,1,0,1,0,0,0,0,1,1,0,0,1,0,0
749,2.08,26.06,Stay,5,1,1,0,1,0,0,1,0,1,0,0,0,0,1,1,0,0,0,1,0
750,2.08,24.1,Stay,7,0,1,0,1,0,0,1,0,1,0,0,0,0,1,1,0,0,0,1,0
751,2.09,26.07,Stay,7,0,1,0,1,0,0,1,0,1,0,0,0,0,1,1,0,0,0,1,0
752,2.09,24.09,Stay,7,0,1,0,1,0,0,1,0,1,0,0,0,0,1,1,0,0,0,1,0
753,2.08,25.07,Stay,6,0,1,0,1,0,0,1,0,1,0,0,0,0,1,1,0,0,0,1,0
754,2.11,26.1,Stay,6,0,1,0,1,0,0,1,0,1,0,0,0,0,1,1,0,0,0,1,0
755,2.08,28.09,Left,6,0,0,0,1,0,0,1,0,1,0,0,0,0,1,1,0,0,0,1,0
756,5.1,28.04,Left,6,0,0,0,0,1,0,1,0,0,1,0,0,0,1,0,1,0,1,0,0
757,8.02,35.04,Stay,7,0,1,0,1,0,1,0,0,1,0,0,0,0,1,1,0,0,0,1,0
758,6.04,29.05,Stay,6,0,1,0,1,0,0,1,0,1,0,0,0,0,1,1,0,0,0,1,0
759,5.03,28.07,Left,7,0,1,1,0,0,0,1,0,1,0,0,0,0,1,1,0,0,0,1,0
760,4.1,27.09,Stay,6,0,1,0,0,1,0,1,0,1,0,0,0,0,1,0,0,1,0,1,0
761,2.08,27.07,Stay,6,0,1,0,1,0,0,1,0,1,0,0,0,0,1,0,0,1,0,1,0
762,4.04,31.07,Left,5,0,0,0,1,0,1,0,0,1,0,0,0,0,1,1,0,0,0,1,0
763,8.0,31.09,Stay,5,0,1,1,0,0,1,0,0,0,1,0,0,0,1,1,0,0,0,1,0
764,6.09,28.1,Stay,7,0,1,0,1,0,1,0,0,1,0,0,0,0,1,1,0,0,0,1,0
765,4.08,31.01,Stay,5,0,1,0,0,1,0,1,0,0,1,0,0,0,1,1,0,0,0,1,0
766,5.09,28.1,Left,3,0,0,0,1,0,0,1,0,1,0,0,0,0,1,1,0,0,0,1,0
767,2.08,27.09,Left,5,0,0,0,1,0,1,0,0,1,0,0,0,0,1,1,0,0,1,0,0
768,6.08,30.06,Stay,6,1,0,1,0,0,1,0,0,1,0,0,0,0,1,1,0,0,0,1,0
769,2.1,24.08,Left,7,0,0,0,1,0,0,1,0,1,0,0,0,0,1,1,0,0,1,0,0
770,2.11,24.06,Stay,7,0,1,0,1,0,0,1,0,1,0,0,0,0,1,1,0,0,0,1,0
771,2.1,24.11,Left,5,0,0,0,1,0,1,0,0,1,0,0,0,0,1,1,0,0,0,1,0
772,2.09,25.1,Stay,7,0,1,0,1,0,0,1,0,1,0,0,0,0,1,1,0,0,0,1,0
773,2.09,25.07,Left,6,1,0,0,1,0,0,1,0,1,0,0,0,0,1,1,0,0,0,1,0
774,12.09,34.05,Stay,6,0,1,1,0,0,1,0,0,0,0,1,0,0,1,1,0,0,0,1,0
775,11.03,36.01,Stay,6,1,1,0,1,0,1,0,0,0,1,0,0,0,1,1,0,0,0,1,0
776,6.03,28.04,Stay,6,0,1,0,1,0,0,1,0,1,0,0,0,0,1,1,0,0,0,1,0
777,10.08,38.08,Left,6,0,1,0,1,0,1,0,0,0,0,1,0,0,1,1,0,0,0,1,0
778,3.0,25.05,Stay,5,0,1,0,1,0,0,1,0,1,0,0,0,0,1,1,0,0,0,1,0
779,8.09,33.07,Left,5,0,0,0,1,0,1,0,0,0,1,0,0,0,1,1,0,0,0,1,0
780,3.11,26.06,Left,6,1,0,0,0,1,0,1,0,1,0,0,0,0,1,1,0,0,0,1,0
781,7.0,33.08,Left,7,0,0,1,0,0,1,0,0,1,0,0,0,0,1,1,0,0,0,1,0
782,3.01,26.02,Stay,6,1,1,0,1,0,0,1,0,1,0,0,0,0,1,1,0,0,1,0,0
783,5.0,27.1,Left,1,1,0,0,1,0,0,1,0,1,0,0,0,0,1,0,0,1,0,1,0
784,5.09,29.02,Stay,3,0,1,0,1,0,1,0,0,1,0,0,0,0,1,1,0,0,1,0,0
785,4.01,30.06,Stay,7,1,1,0,0,1,1,0,0,0,1,0,0,0,1,1,0,0,1,0,0
786,3.05,27.07,Stay,7,0,1,0,1,0,0,1,0,1,0,0,0,0,1,1,0,0,0,1,0
787,12.1,40.07,Left,7,0,0,0,1,0,1,0,0,0,0,1,0,0,1,1,0,0,0,1,0
788,6.02,31.06,Stay,7,0,1,1,0,0,1,0,0,0,1,0,0,0,1,1,0,0,0,1,0
789,5.09,31.1,Stay,5,0,1,0,0,1,1,0,0,1,0,0,0,0,1,1,0,0,0,1,0
790,2.1,24.1,Stay,1,0,1,0,1,0,0,1,0,0,0,0,1,0,1,0,0,1,1,0,0
791,4.09,31.0,Stay,6,0,1,0,0,1,0,1,0,0,1,0,0,0,1,1,0,0,0,1,0
792,10.02,36.01,Stay,6,1,0,0,1,0,0,1,0,0,1,0,0,0,1,1,0,0,0,1,0
793,3.01,29.06,Stay,6,1,0,0,0,1,0,1,0,1,0,0,0,0,1,0,0,1,0,1,0
794,8.09,34.03,Stay,6,0,1,0,1,0,0,1,0,0,0,1,0,0,1,1,0,0,0,1,0
795,3.0,27.05,Left,7,1,0,0,1,0,0,1,0,1,0,0,0,0,1,1,0,0,0,1,0
796,3.05,31.07,Left,7,1,0,0,1,0,0,1,0,1,0,0,0,0,1,1,0,0,0,1,0
797,3.1,26.03,Stay,3,1,1,0,1,0,0,1,0,1,0,0,0,0,1,1,0,0,0,1,0
798,3.0,24.11,Stay,7,1,1,0,1,0,0,1,0,1,0,0,0,0,1,1,0,0,0,1,0
799,2.11,28.11,Stay,7,1,1,0,1,0,1,0,0,1,0,0,0,0,1,1,0,0,0,1,0
800,3.0,26.09,Stay,5,1,1,0,1,0,0,1,0,1,0,0,0,0,1,1,0,0,0,1,0
801,3.04,28.04,Left,4,1,0,0,1,0,1,0,0,1,0,0,0,0,1,1,0,0,0,1,0
802,7.1,30.07,Stay,4,1,0,0,1,0,0,1,0,0,1,0,0,0,1,1,0,0,0,1,0
803,7.1,29.1,Stay,5,0,1,0,1,0,0,1,0,0,1,0,0,0,1,1,0,0,0,1,0
804,2.09,24.08,Left,7,1,0,0,1,0,1,0,0,1,0,0,0,0,1,1,0,0,1,0,0
805,8.02,31.03,Left,1,0,0,0,1,0,1,0,0,0,1,0,0,0,1,0,0,1,1,0,0
806,13.09,37.08,Stay,6,0,1,0,0,1,1,0,0,0,0,1,0,0,1,0,0,1,0,1,0
807,3.09,27.05,Stay,7,0,1,0,1,0,1,0,0,0,1,0,0,0,1,1,0,0,1,0,0
808,4.0,25.11,Stay,7,1,1,1,0,0,0,1,0,1,0,0,0,0,1,0,0,1,0,1,0
809,2.1,29.11,Stay,1,0,1,0,1,0,1,0,0,1,0,0,0,0,1,1,0,0,1,0,0
810,9.1,32.1,Stay,7,0,1,0,1,0,1,0,0,0,1,0,0,0,1,1,0,0,1,0,0
811,8.1,32.06,Stay,7,1,1,0,1,0,1,0,0,0,1,0,0,0,1,1,0,0,0,1,0
812,5.11,28.07,Left,5,1,0,0,1,0,0,1,0,1,0,0,0,0,1,1,0,0,0,1,0
813,2.1,25.09,Stay,2,0,1,0,1,0,0,1,0,1,0,0,0,0,1,1,0,0,0,1,0
814,4.02,24.08,Stay,7,0,1,1,0,0,1,0,0,1,0,0,0,0,1,1,0,0,1,0,0
815,8.09,36.06,Left,6,0,0,0,0,1,0,1,0,0,1,0,0,0,1,1,0,0,0,1,0
816,4.1,26.06,Left,7,0,0,1,0,0,0,1,0,1,0,0,0,0,1,1,0,0,1,0,0
817,6.01,29.08,Left,6,0,1,0,1,0,1,0,0,0,1,0,0,0,1,1,0,0,0,1,0
818,9.04,36.08,Left,5,0,0,1,0,0,1,0,0,0,0,1,0,0,1,1,0,0,0,1,0
819,8.02,33.11,Stay,5,0,1,1,0,0,1,0,0,0,1,0,0,0,1,1,0,0,0,1,0
820,8.0,30.09,Stay,4,0,1,0,0,1,1,0,0,0,1,0,0,0,1,1,0,0,1,0,0
821,9.1,33.02,Left,6,0,0,1,0,0,0,1,0,0,0,1,0,0,1,1,0,0,0,1,0
822,2.1,24.1,Stay,5,0,1,0,1,0,0,1,0,1,0,0,0,0,1,1,0,0,0,1,0
823,2.1,25.07,Stay,7,0,1,0,1,0,0,1,0,1,0,0,0,0,1,1,0,0,0,1,0
824,6.02,27.07,Stay,7,0,1,1,0,0,0,1,0,1,0,0,0,0,1,1,0,0,0,1,0
825,10.06,38.09,Stay,3,1,0,1,0,0,1,0,0,0,1,0,0,0,1,1,0,0,0,1,0
826,10.07,35.07,Stay,7,1,0,1,0,0,1,0,0,0,0,1,0,0,1,1,0,0,0,1,0
827,7.05,39.01,Stay,5,1,1,1,0,0,1,0,0,0,1,0,0,0,1,1,0,0,0,1,0
828,2.1,25.05,Stay,7,1,1,0,1,0,0,1,0,1,0,0,0,0,1,1,0,0,1,0,0
829,4.1,28.05,Left,5,1,0,0,1,0,0,1,0,1,0,0,0,0,1,1,0,0,0,1,0
830,2.11,26.1,Stay,7,0,1,0,1,0,0,1,0,1,0,0,0,0,1,1,0,0,0,1,0
831,2.11,27.08,Left,7,0,0,0,1,0,0,1,0,1,0,0,0,0,1,1,0,0,0,1,0
832,2.11,26.07,Left,6,0,0,0,1,0,0,1,0,1,0,0,0,0,1,1,0,0,0,1,0
833,3.0,26.01,Stay,6,0,1,0,1,0,0,1,0,1,0,0,0,0,1,1,0,0,1,0,0
834,3.0,28.08,Stay,5,1,1,0,1,0,0,1,0,1,0,0,0,0,1,1,0,0,0,1,0
835,2.11,25.05,Stay,7,0,1,0,1,0,0,1,0,1,0,0,0,0,1,1,0,0,1,0,0
836,2.11,26.04,Stay,6,0,1,0,1,0,0,1,0,1,0,0,0,0,1,1,0,0,1,0,0
837,2.1,28.09,Stay,4,0,1,0,1,0,0,1,0,1,0,0,0,0,1,1,0,0,0,1,0
838,8.11,35.06,Stay,6,0,1,0,1,0,1,0,0,0,1,0,0,0,1,1,0,0,0,1,0
839,8.02,30.02,Stay,6,0,1,0,0,1,1,0,0,0,1,0,0,0,1,1,0,0,0,1,0
840,2.11,26.09,Left,2,0,0,0,1,0,0,1,0,1,0,0,0,0,1,1,0,0,0,1,0
841,8.11,31.04,Stay,7,0,1,0,0,1,1,0,0,0,1,0,0,0,1,1,0,0,0,1,0
842,3.04,25.01,Left,5,0,0,0,1,0,1,0,0,1,0,0,0,0,1,1,0,0,1,0,0
843,7.04,30.05,Stay,6,0,1,0,1,0,1,0,0,1,0,0,0,0,1,1,0,0,0,1,0
844,2.1,25.02,Stay,5,0,1,0,1,0,0,1,0,1,0,0,0,0,1,1,0,0,0,1,0
845,3.07,31.07,Stay,4,0,1,0,1,0,0,1,0,1,0,0,0,0,1,1,0,0,0,1,0
846,9.0,35.05,Stay,7,1,1,0,1,0,1,0,0,1,0,0,0,0,1,1,0,0,0,1,0
847,5.11,28.07,Left,7,1,0,1,0,0,0,1,0,1,0,0,0,0,1,1,0,0,0,1,0
848,6.03,31.0,Stay,6,0,1,0,1,0,1,0,0,0,1,0,0,0,1,1,0,0,0,1,0
849,5.11,29.01,Stay,7,0,1,0,1,0,0,1,0,1,0,0,0,0,1,1,0,0,0,1,0
850,8.0,28.09,Stay,7,0,1,1,0,0,0,1,0,0,1,0,0,0,1,1,0,0,0,1,0
851,2.11,25.02,Left,5,0,0,0,1,0,0,1,0,1,0,0,0,0,1,1,0,0,0,1,0
852,5.07,28.07,Left,7,1,0,0,1,0,0,1,0,1,0,0,0,0,1,1,0,0,0,1,0
853,6.05,30.03,Left,5,1,0,0,1,0,0,1,0,1,0,0,0,0,1,1,0,0,0,1,0
854,11.03,35.11,Stay,6,1,0,0,1,0,1,0,0,0,1,0,0,0,1,1,0,0,0,1,0
855,6.02,27.06,Stay,7,1,1,0,0,1,0,1,0,1,0,0,0,0,1,1,0,0,0,1,0
856,12.01,30.07,Stay,7,1,1,0,0,1,0,1,0,0,1,0,0,0,1,1,0,0,0,1,0
857,5.04,27.03,Stay,7,1,1,0,1,0,0,1,0,1,0,0,0,0,1,1,0,0,1,0,0
858,8.0,32.03,Stay,7,1,0,1,0,0,1,0,0,0,1,0,0,0,1,1,0,0,0,1,0
859,7.0,32.05,Stay,4,1,0,1,0,0,1,0,0,1,0,0,0,0,1,1,0,0,0,1,0
860,5.08,30.0,Left,6,0,0,0,1,0,0,1,0,0,1,0,0,0,1,1,0,0,0,1,0
861,8.0,29.06,Stay,2,1,1,0,1,0,0,1,0,0,1,0,0,0,1,1,0,0,0,1,0
862,8.07,34.07,Stay,6,0,1,1,0,0,1,0,0,0,1,0,0,0,1,1,0,0,0,1,0
863,7.07,29.1,Left,5,0,0,1,0,0,1,0,0,0,1,0,0,0,1,1,0,0,1,0,0
864,7.0,32.09,Left,5,0,0,1,0,0,1,0,0,1,0,0,0,0,1,1,0,0,0,1,0
865,3.0,25.06,Stay,5,1,1,0,1,0,0,1,0,1,0,0,0,0,1,1,0,0,0,1,0
866,6.0,27.11,Stay,7,1,1,0,1,0,0,1,0,1,0,0,0,0,1,1,0,0,0,1,0
867,7.06,29.06,Stay,7,1,1,0,1,0,1,0,0,1,0,0,0,0,1,1,0,0,1,0,0
868,7.02,28.06,Stay,6,1,0,0,1,0,1,0,0,1,0,0,0,0,1,1,0,0,0,1,0
869,7.0,28.06,Stay,5,1,0,0,1,0,1,0,0,1,0,0,0,0,1,1,0,0,1,0,0
870,4.05,26.08,Left,5,1,0,0,1,0,1,0,0,1,0,0,0,0,1,1,0,0,0,1,0
871,5.02,29.06,Stay,3,1,0,1,0,0,1,0,0,1,0,0,0,0,1,1,0,0,0,1,0
872,6.04,29.05,Stay,6,1,0,1,0,0,1,0,0,0,1,0,0,0,1,1,0,0,1,0,0
873,7.0,31.11,Stay,6,1,1,1,0,0,0,1,0,0,1,0,0,0,1,1,0,0,0,1,0
874,5.0,26.07,Stay,5,1,1,0,1,0,0,1,0,1,0,0,0,0,1,1,0,0,0,1,0
875,4.02,27.04,Stay,6,1,1,0,1,0,0,1,0,1,0,0,0,0,1,1,0,0,0,1,0
876,3.07,27.08,Left,7,0,0,0,1,0,0,1,0,1,0,0,0,1,0,1,0,0,0,1,0
877,3.03,28.03,Left,5,1,0,1,0,0,0,1,0,1,0,0,0,1,0,1,0,0,0,1,0
878,2.04,23.01,Left,5,1,0,0,1,0,0,1,0,1,0,0,0,1,0,1,0,0,1,0,0
879,3.07,27.02,Stay,7,1,0,1,0,0,1,0,0,1,0,0,0,1,0,1,0,0,1,0,0
880,5.06,29.03,Stay,6,0,1,0,0,1,1,0,0,0,1,0,0,1,0,0,0,1,1,0,0
881,1.07,22.07,Left,7,1,0,0,1,0,0,1,0,1,0,0,0,1,0,1,0,0,0,1,0
882,5.04,28.11,Left,5,1,0,1,0,0,1,0,0,1,0,0,0,1,0,1,0,0,0,1,0
883,4.0,22.08,Stay,5,1,1,0,1,0,0,1,0,1,0,0,0,1,0,1,0,0,1,0,0
884,6.0,29.01,Stay,6,1,1,0,1,0,1,0,0,0,0,0,1,0,1,1,0,0,1,0,0
885,4.09,27.11,Left,7,1,0,0,1,0,0,1,0,1,0,0,0,0,1,0,0,1,0,1,0
886,4.02,27.01,Left,6,1,0,0,1,0,0,1,0,1,0,0,0,0,1,1,0,0,0,1,0
887,2.0,24.07,Left,7,1,0,0,1,0,0,0,1,1,0,0,0,0,1,1,0,0,1,0,0
888,3.08,27.07,Stay,2,1,1,0,1,0,0,1,0,1,0,0,0,1,0,1,0,0,0,1,0
889,3.06,25.02,Left,0,1,0,0,1,0,1,0,0,1,0,0,0,1,0,1,0,0,1,0,0
890,0.03,22.05,Left,0,0,0,0,1,0,0,1,0,1,0,0,0,1,0,1,0,0,0,1,0
891,0.03,24.06,Stay,0,0,1,0,1,0,0,1,0,1,0,0,0,1,0,1,0,0,0,1,0
892,0.03,21.09,Stay,0,0,1,0,1,0,0,1,0,1,0,0,0,1,0,1,0,0,1,0,0
893,0.03,22.02,Left,0,0,1,0,1,0,0,1,0,1,0,0,0,1,0,1,0,0,1,0,0
894,0.03,22.02,Stay,0,0,1,0,1,0,0,1,0,1,0,0,0,1,0,1,0,0,1,0,0
895,10.02,32.08,Stay,2,0,0,0,1,0,1,0,0,0,1,0,0,1,0,1,0,0,0,1,0
